d3mIndex,Month,State,County,Rate,State - area,County - area,State - coordinate location
0,September,Missouri,Montgomery County,4.2,181533,1313,Point(-92.5 38.5)
1,February,New York,Ontario County,6,1214,1716,Point(-73.94 40.67)
2,November,Virginia,Winchester City,3.8,110862,8430,Point(-79.0 37.5)
3,June,Colorado,Washington County,2.8,269837,2696,Point(-105.5 39.0)
4,April,Kansas,Harper County,4.7,213100,2308,Point(-98.0 38.5)
5,May,Texas,Terry County,4.7,696241,1235,Point(-100.0 31.0)
6,May,Kansas,Russell County,3.8,213100,1091,Point(-98.0 38.5)
7,November,West Virginia,Tucker County,5.7,62755,10495,Point(-80.5 39.0)
8,January,California,Humboldt County,6.7,423970,1146,Point(-120.0 37.0)
9,September,Minnesota,Chisago County,3.4,225163,3637,Point(-94.0 46.0)
10,March,Indiana,Steuben County,4.5,94321,1518,Point(-86.216666666 39.933333333)
11,February,Missouri,Cape Girardeau County,4.8,181533,6253,Point(-92.5 38.5)
12,July,Michigan,Cass County,5.8,250493,2895,Point(-85.58 44.34)
13,September,Illinois,Clinton County,4.2,149998,1616,Point(-89.0 40.0)
14,December,New York,Greene County,5.4,1214,1313,Point(-73.94 40.67)
15,July,Ohio,Montgomery County,5.1,116096,11731,Point(-82.5 40.5)
16,December,Oklahoma,Grant County,2.8,181195,1345,Point(-98.0 35.5)
17,October,Missouri,Macon County,4,181533,575,Point(-92.5 38.5)
18,November,Kansas,Mitchell County,2.5,213100,20627,Point(-98.0 38.5)
19,June,Montana,Carbon County,3.5,381154,691,Point(-110.0 47.0)
20,March,North Carolina,Davie County,4.8,139390,1890,Point(-80.0 35.5)
21,February,Virginia,Franklin City,7.3,110862,2700,Point(-79.0 37.5)
22,September,Indiana,Martin County,3.6,94321,6580,Point(-86.216666666 39.933333333)
23,March,Tennessee,White County,6.7,109247,1849,Point(-86.0 36.0)
24,October,Minnesota,Stevens County,2,225163,1663,Point(-94.0 46.0)
25,September,Texas,Lampasas County,4.3,696241,9020,Point(-100.0 31.0)
26,February,Louisiana,Jefferson Parish,6,135382,12226,Point(-92.0 31.0)
27,December,South Dakota,Meade County,3.2,199729,1274,Point(-100.0 44.5)
28,November,California,Lassen County,6.9,423970,556,Point(-120.0 37.0)
29,May,Missouri,Gentry County,4.4,181533,1543,Point(-92.5 38.5)
30,February,Mississippi,Webster County,7,125443,1253,Point(-90.0 33.0)
31,November,Ohio,Lucas County,4.9,116096,2427,Point(-82.5 40.5)
32,January,Missouri,Ralls County,5.1,181533,2570,Point(-92.5 38.5)
33,July,Louisiana,Caddo Parish,7.5,135382,2465,Point(-92.0 31.0)
34,August,Indiana,Carroll County,4.1,94321,3093,Point(-86.216666666 39.933333333)
35,March,Kansas,Ellis County,3.3,213100,1602,Point(-98.0 38.5)
36,May,Kentucky,Marion County,5.1,104659,1024,Point(-85.0 37.5)
37,October,New York,New York County,4.4,1214,2693,Point(-73.94 40.67)
38,November,Illinois,Jo Daviess County,6,149998,2693,Point(-89.0 40.0)
39,May,Iowa,Floyd County,3.4,145746,2614,Point(-93.0 42.0)
40,July,Arkansas,Randolph County,7.5,137733,2043,Point(-92.2 34.8)
41,October,Alabama,Randolph County,5.3,135765,1170,Point(-86.7 32.7)
42,November,Kansas,Sedgwick County,4.1,213100,952,Point(-98.0 38.5)
43,April,Alabama,Pike County,5.7,135765,697,Point(-86.7 32.7)
44,January,Minnesota,Isanti County,5.9,225163,1381,Point(-94.0 46.0)
45,June,West Virginia,Summers County,6.9,62755,1414,Point(-80.5 39.0)
46,February,Illinois,Whiteside County,6.6,149998,2869,Point(-89.0 40.0)
47,December,Minnesota,Kanabec County,8.1,225163,1826,Point(-94.0 46.0)
48,December,Arkansas,Sebastian County,4.6,137733,1363,Point(-92.2 34.8)
49,July,Texas,Kerr County,4,696241,2138,Point(-100.0 31.0)
50,December,Mississippi,Panola County,9,125443,1053,Point(-90.0 33.0)
51,January,North Carolina,Davidson County,5.7,139390,6623,Point(-80.0 35.5)
52,December,New York,Dutchess County,4,1214,1616,Point(-73.94 40.67)
53,October,Virginia,Fairfax County,3.3,110862,2570,Point(-79.0 37.5)
54,April,Colorado,Baca County,2.3,269837,1235,Point(-105.5 39.0)
55,January,Ohio,Greene County,5.4,116096,1860,Point(-82.5 40.5)
56,December,Maryland,Carroll County,3.6,32133,1636,Point(-76.7 39.0)
57,April,Kentucky,Russell County,10.5,104659,873,Point(-85.0 37.5)
58,July,Oklahoma,Oklahoma County,3.9,181195,583,Point(-98.0 35.5)
59,April,Missouri,Ripley County,8.1,181533,8372,Point(-92.5 38.5)
60,October,Virginia,Gloucester County,3.7,110862,5516,Point(-79.0 37.5)
61,May,Tennessee,Wilson County,4.8,109247,2958,Point(-86.0 36.0)
62,September,Texas,Val Verde County,6.1,696241,2413,Point(-100.0 31.0)
63,July,Colorado,El Paso County,4.7,269837,1108,Point(-105.5 39.0)
64,February,Texas,Knox County,3.3,696241,47031,Point(-100.0 31.0)
65,April,Illinois,Warren County,4.3,149998,452,Point(-89.0 40.0)
66,May,Oklahoma,Logan County,3.9,181195,486,Point(-98.0 35.5)
67,April,Nevada,Nye County,8.9,286380,1976,Point(-117.0 39.0)
68,May,Kentucky,Jessamine County,4.4,104659,688,Point(-85.0 37.5)
69,May,Virginia,King George County,4.9,110862,10641,Point(-79.0 37.5)
70,February,Minnesota,Yellow Medicine County,5.2,225163,1228,Point(-94.0 46.0)
71,October,Tennessee,Cannon County,5.3,109247,571,Point(-86.0 36.0)
72,February,Utah,Kane County,6.7,219653,11652,Point(-111.5 39.5)
73,February,North Dakota,Nelson County,5.4,183108,2149,Point(-100.5 47.5)
74,July,North Carolina,Clay County,6.7,139390,15734,Point(-80.0 35.5)
75,March,Utah,Uintah County,6.3,219653,541,Point(-111.5 39.5)
76,April,Virginia,Halifax County,6.1,110862,584,Point(-79.0 37.5)
77,March,New Mexico,Chaves County,6.2,315194,1023,Point(-106.0 34.0)
78,May,Kentucky,Bracken County,6.2,104659,1400,Point(-85.0 37.5)
79,February,Texas,Williamson County,3.6,696241,2398,Point(-100.0 31.0)
80,September,Iowa,Henry County,3.6,145746,1728,Point(-93.0 42.0)
81,February,Mississippi,Itawamba County,5.8,125443,29056,Point(-90.0 33.0)
82,April,Texas,Archer County,4.1,696241,10812,Point(-100.0 31.0)
83,March,Maryland,Frederick County,4.7,32133,1120,Point(-76.7 39.0)
84,October,Arizona,Apache County,12.4,295234,1398,Point(-111.656944 34.286667)
85,June,Indiana,Johnson County,4.1,94321,807.76,Point(-86.216666666 39.933333333)
86,October,Minnesota,Red Lake County,3.6,225163,2082,Point(-94.0 46.0)
87,October,Missouri,McDonald County,3.6,181533,949,Point(-92.5 38.5)
88,December,Vermont,Addison County,3.2,24923,1108,Point(-72.7 44.0)
89,November,Wisconsin,Florence County,6.8,169640,1116,Point(-89.5 44.5)
90,August,Arkansas,Yell County,5.2,137733,5222,Point(-92.2 34.8)
91,November,Nebraska,Logan County,3.5,200520,1977,Point(-100.0 41.5)
92,October,Kansas,Stanton County,2.5,213100,11168,Point(-98.0 38.5)
93,December,Minnesota,Lyon County,3.6,225163,1317,Point(-94.0 46.0)
94,October,Arkansas,Poinsett County,4.6,137733,2439,Point(-92.2 34.8)
95,October,Washington,Yakima County,6.2,177,4037,Point(-77.036666666 38.895)
96,December,Ohio,Athens County,5.7,116096,1139,Point(-82.5 40.5)
97,April,Iowa,Pocahontas County,2.8,145746,1649,Point(-93.0 42.0)
98,November,Texas,Uvalde County,5.3,696241,5174,Point(-100.0 31.0)
99,June,Iowa,Bremer County,3.6,145746,583,Point(-93.0 42.0)
100,February,Nebraska,Deuel County,2.7,200520,1351,Point(-100.0 41.5)
101,June,Texas,Polk County,6.4,696241,2413,Point(-100.0 31.0)
102,October,Tennessee,Wilson County,4.4,109247,1303,Point(-86.0 36.0)
103,August,Indiana,Porter County,5.1,94321,1616,Point(-86.216666666 39.933333333)
104,December,Virginia,Warren County,4.2,110862,8030,Point(-79.0 37.5)
105,July,Indiana,Boone County,3.6,94321,2246,Point(-86.216666666 39.933333333)
106,May,Missouri,Greene County,4.5,181533,2792,Point(-92.5 38.5)
107,January,Alabama,Elmore County,5.4,135765,939,Point(-86.7 32.7)
108,May,North Dakota,Sargent County,1.5,183108,2957,Point(-100.5 47.5)
109,February,Nebraska,Box Butte County,2.9,200520,5174,Point(-100.0 41.5)
110,July,Pennsylvania,Lebanon County,5,119283,2053,Point(-77.5 41.0)
111,August,North Dakota,Griggs County,1.7,183108,2470,Point(-100.5 47.5)
112,November,Arkansas,Polk County,4.9,137733,1461,Point(-92.2 34.8)
113,October,Iowa,Clayton County,2.9,145746,1198,Point(-93.0 42.0)
114,August,North Carolina,Columbus County,7.8,139390,571,Point(-80.0 35.5)
115,May,Illinois,Christian County,6,149998,1480,Point(-89.0 40.0)
116,March,Nebraska,Gosper County,2.7,200520,2043,Point(-100.0 41.5)
117,October,Texas,Clay County,4.6,696241,2941,Point(-100.0 31.0)
118,May,Ohio,Tuscarawas County,5.1,116096,1406,Point(-82.5 40.5)
119,May,Mississippi,Pike County,7.6,125443,1563,Point(-90.0 33.0)
120,February,Texas,Roberts County,4,696241,3425,Point(-100.0 31.0)
121,January,North Carolina,Nash County,7.5,139390,1566,Point(-80.0 35.5)
122,May,Idaho,Canyon County,4.5,216699,267,Point(-114.0 45.0)
123,November,New York,Cattaraugus County,5.5,1214,1597,Point(-73.94 40.67)
124,June,California,Amador County,6.3,423970,2392,Point(-120.0 37.0)
125,September,Missouri,Worth County,2.6,181533,1453,Point(-92.5 38.5)
126,November,Iowa,Dubuque County,2.9,145746,9568,Point(-93.0 42.0)
127,March,Texas,Sterling County,3.4,696241,1289,Point(-100.0 31.0)
128,August,Tennessee,McNairy County,8.2,109247,886,Point(-86.0 36.0)
129,October,Utah,Grand County,3.6,219653,1731,Point(-111.5 39.5)
130,July,Texas,Brooks County,11.5,696241,2693,Point(-100.0 31.0)
131,April,Illinois,Schuyler County,5,149998,2329,Point(-89.0 40.0)
132,January,Kentucky,Fayette County,4.3,104659,13923,Point(-85.0 37.5)
133,September,North Carolina,Randolph County,5.3,139390,3604,Point(-80.0 35.5)
134,February,Texas,Castro County,3.7,696241,6310,Point(-100.0 31.0)
135,February,Wyoming,Natrona County,4.2,253348,2120,Point(-107.5 43.0)
136,October,New York,Kings County,5.3,1214,1218,Point(-73.94 40.67)
137,January,Virginia,Covington City,8.3,110862,584,Point(-79.0 37.5)
138,April,West Virginia,Lewis County,8.7,62755,452,Point(-80.5 39.0)
139,April,Texas,Refugio County,5.2,696241,1243,Point(-100.0 31.0)
140,August,Missouri,Butler County,6.1,181533,13174,Point(-92.5 38.5)
141,April,Texas,Williamson County,3.1,696241,5174,Point(-100.0 31.0)
142,September,Kentucky,Jessamine County,4,104659,2237,Point(-85.0 37.5)
143,March,Wisconsin,La Crosse County,4.3,169640,3097,Point(-89.5 44.5)
144,May,Hawaii,Hawaii County,4.4,28311,1999,Point(-157.796388888 21.311388888)
145,December,North Carolina,Polk County,4.9,139390,2228,Point(-80.0 35.5)
146,December,New York,Cayuga County,5.2,1214,1060,Point(-73.94 40.67)
147,December,New Jersey,Sussex County,4,22591.4,12786,Point(-74.5 40.0)
148,April,Wisconsin,Richland County,4.2,169640,2574,Point(-89.5 44.5)
149,July,Kansas,Hodgeman County,3.6,213100,1971,Point(-98.0 38.5)
150,July,Louisiana,Saint Helena Parish,9.3,135382,1218,Point(-92.0 31.0)
151,June,South Dakota,Custer County,3.5,199729,2314,Point(-100.0 44.5)
152,May,Texas,Concho County,2.9,696241,2515,Point(-100.0 31.0)
153,April,South Dakota,Ziebach County,4.9,199729,1196,Point(-100.0 44.5)
154,October,Pennsylvania,Butler County,3.8,119283,2353,Point(-77.5 41.0)
155,March,Texas,Lynn County,4,696241,1510,Point(-100.0 31.0)
156,February,Virginia,Augusta County,4.7,110862,1619,Point(-79.0 37.5)
157,March,South Carolina,Saluda County,5.3,82931,1877,Point(-81.0 34.0)
158,December,Alabama,Dallas County,9,135765,2027,Point(-86.7 32.7)
159,June,Minnesota,Mahnomen County,5.8,225163,8925,Point(-94.0 46.0)
160,May,Kansas,Haskell County,2.8,213100,2620,Point(-98.0 38.5)
161,October,Pennsylvania,Franklin County,4.3,119283,1414,Point(-77.5 41.0)
162,February,Pennsylvania,Schuylkill County,6.9,119283,740,Point(-77.5 41.0)
163,February,New Mexico,Hidalgo County,6.7,315194,1228,Point(-106.0 34.0)
164,February,Louisiana,Sabine Parish,7.2,135382,3203,Point(-92.0 31.0)
165,January,Virginia,Botetourt County,4.8,110862,10495,Point(-79.0 37.5)
166,November,Virginia,King William County,3.6,110862,859,Point(-79.0 37.5)
167,February,Virginia,Hanover County,4.3,110862,1444,Point(-79.0 37.5)
168,November,Texas,Houston County,4.7,696241,1494,Point(-100.0 31.0)
169,February,Nevada,Humboldt County,6.1,286380,2858,Point(-117.0 39.0)
170,September,Tennessee,Bradley County,5.2,109247,1218,Point(-86.0 36.0)
171,April,Pennsylvania,Dauphin County,4.3,119283,3889,Point(-77.5 41.0)
172,October,Kentucky,Adair County,6.4,104659,1118,Point(-85.0 37.5)
173,October,Minnesota,Kittson County,3,225163,1614,Point(-94.0 46.0)
174,September,Kentucky,Butler County,5.2,104659,1016,Point(-85.0 37.5)
175,April,Kentucky,Oldham County,3.6,104659,3280,Point(-85.0 37.5)
176,April,West Virginia,Gilmer County,8.2,62755,1214,Point(-80.5 39.0)
177,September,Minnesota,Marshall County,4.2,225163,657,Point(-94.0 46.0)
178,March,North Carolina,Hoke County,8.1,139390,1700,Point(-80.0 35.5)
179,April,Hawaii,Kauai County,4.2,28311,1413,Point(-157.796388888 21.311388888)
180,September,New Hampshire,Belknap County,2.8,24214,11835,Point(-71.5 44.0)
181,October,Missouri,Howard County,3.6,181533,3802,Point(-92.5 38.5)
182,December,Alabama,Hale County,7.8,135765,1617,Point(-86.7 32.7)
183,February,West Virginia,Hampshire County,7.5,62755,1467,Point(-80.5 39.0)
184,September,Idaho,Lemhi County,5.3,216699,940,Point(-114.0 45.0)
185,February,Ohio,Delaware County,3.7,116096,886,Point(-82.5 40.5)
186,April,Illinois,Edgar County,5.1,149998,2195,Point(-89.0 40.0)
187,October,North Carolina,Pamlico County,5.8,139390,1998,Point(-80.0 35.5)
188,August,Virginia,Isle of Wight County,4.5,110862,851,Point(-79.0 37.5)
189,July,New York,Schuyler County,5.9,1214,14294,Point(-73.94 40.67)
190,February,Virginia,Middlesex County,5.4,110862,945,Point(-79.0 37.5)
191,July,Arkansas,Independence County,6.9,137733,2030,Point(-92.2 34.8)
192,March,North Carolina,Richmond County,7.6,139390,9988,Point(-80.0 35.5)
193,December,Arizona,Yuma County,17.6,295234,929,Point(-111.656944 34.286667)
194,July,North Carolina,Cabarrus County,5.7,139390,2056,Point(-80.0 35.5)
195,October,Indiana,Shelby County,3.9,94321,10495,Point(-86.216666666 39.933333333)
196,November,Texas,Presidio County,10.6,696241,1236,Point(-100.0 31.0)
197,December,Virginia,Bland County,4.8,110862,2238,Point(-79.0 37.5)
198,September,Texas,Ward County,4.7,696241,7023,Point(-100.0 31.0)
199,September,Nevada,Humboldt County,5.8,286380,2259,Point(-117.0 39.0)
200,February,Virginia,Northumberland County,8.9,110862,2895,Point(-79.0 37.5)
201,August,North Dakota,Dunn County,2.2,183108,2282,Point(-100.5 47.5)
202,June,Montana,Cascade County,3.9,381154,8672,Point(-110.0 47.0)
203,April,Maryland,Kent County,5.1,32133,1274,Point(-76.7 39.0)
204,April,Kentucky,Clinton County,7,104659,6545,Point(-85.0 37.5)
205,January,Texas,Fort Bend County,4.2,696241,1266,Point(-100.0 31.0)
206,August,Oklahoma,Carter County,4.4,181195,1790,Point(-98.0 35.5)
207,September,Missouri,Gentry County,3.6,181533,6444,Point(-92.5 38.5)
208,April,Montana,Sheridan County,2,381154,2784,Point(-110.0 47.0)
209,April,Mississippi,Holmes County,10.7,125443,8430,Point(-90.0 33.0)
210,February,Rhode Island,Bristol County,6.2,3144.245565,1430,Point(-71.5 41.7)
211,June,Idaho,Clearwater County,6.9,216699,1289,Point(-114.0 45.0)
212,March,Kansas,Ness County,3.5,213100,5174,Point(-98.0 38.5)
213,April,Iowa,Washington County,3,145746,2087,Point(-93.0 42.0)
214,April,Nebraska,Thomas County,3.5,200520,7754,Point(-100.0 41.5)
215,September,Texas,Brooks County,11.5,696241,6310,Point(-100.0 31.0)
216,January,Wisconsin,Polk County,6.4,169640,2502,Point(-89.5 44.5)
217,May,New York,Onondaga County,5.1,1214,2072,Point(-73.94 40.67)
218,January,Washington,Chelan County,7.5,177,2223,Point(-77.036666666 38.895)
219,April,Missouri,Lewis County,5.1,181533,1644,Point(-92.5 38.5)
220,January,Texas,Llano County,4.8,696241,5974,Point(-100.0 31.0)
221,June,Texas,Yoakum County,4.1,696241,1069,Point(-100.0 31.0)
222,August,Nebraska,Antelope County,2.3,200520,436,Point(-100.0 41.5)
223,July,Ohio,Trumbull County,6.3,116096,1614,Point(-82.5 40.5)
224,October,Texas,King County,2.8,696241,543,Point(-100.0 31.0)
225,October,North Carolina,Forsyth County,5.3,139390,2268,Point(-80.0 35.5)
226,January,Iowa,Wapello County,5.6,145746,1616,Point(-93.0 42.0)
227,February,Illinois,Marshall County,7.1,149998,1440,Point(-89.0 40.0)
228,May,Minnesota,Wadena County,5.2,225163,2277,Point(-94.0 46.0)
229,April,Alabama,Escambia County,6,135765,2548,Point(-86.7 32.7)
230,February,Pennsylvania,Greene County,5.5,119283,944,Point(-77.5 41.0)
231,December,Nebraska,Richardson County,2.9,200520,8030,Point(-100.0 41.5)
232,January,Oklahoma,Tillman County,4.3,181195,571,Point(-98.0 35.5)
233,April,Virginia,Lancaster County,7.2,110862,27549,Point(-79.0 37.5)
234,March,Louisiana,Assumption Parish,7.9,135382,1313,Point(-92.0 31.0)
235,December,Alabama,Elmore County,4.9,135765,1090,Point(-86.7 32.7)
236,March,Indiana,Clay County,5.9,94321,6297,Point(-86.216666666 39.933333333)
237,September,Minnesota,Lincoln County,2.2,225163,1494,Point(-94.0 46.0)
238,April,Missouri,Montgomery County,5.3,181533,3152,Point(-92.5 38.5)
239,November,New Jersey,Mercer County,3.8,22591.4,7257,Point(-74.5 40.0)
240,July,Missouri,Dade County,6,181533,1644,Point(-92.5 38.5)
241,March,Missouri,Barry County,5.7,181533,235,Point(-92.5 38.5)
242,March,Tennessee,Cumberland County,7.7,109247,1796,Point(-86.0 36.0)
243,April,South Dakota,Jackson County,4.8,199729,1326,Point(-100.0 44.5)
244,March,Ohio,Trumbull County,6.9,116096,2780,Point(-82.5 40.5)
245,December,West Virginia,Wirt County,9.3,62755,16039,Point(-80.5 39.0)
246,September,Pennsylvania,Cambria County,5.4,119283,657,Point(-77.5 41.0)
247,November,South Carolina,Pickens County,5.1,82931,2413,Point(-81.0 34.0)
248,September,Texas,McCulloch County,5.6,696241,10641,Point(-100.0 31.0)
249,June,Texas,Brewster County,4.4,696241,2696,Point(-100.0 31.0)
250,June,Iowa,Howard County,3,145746,1053,Point(-93.0 42.0)
251,September,Kentucky,Warren County,4,104659,1453,Point(-85.0 37.5)
252,August,Illinois,Kane County,5.6,149998,18044,Point(-89.0 40.0)
253,November,Kansas,Harper County,3.4,213100,5280,Point(-98.0 38.5)
254,March,South Carolina,Dillon County,8.6,82931,2959,Point(-81.0 34.0)
255,March,Tennessee,McNairy County,9.3,109247,2582,Point(-86.0 36.0)
256,June,Wyoming,Park County,3.6,253348,627,Point(-107.5 43.0)
257,May,Pennsylvania,Union County,4.6,119283,1853,Point(-77.5 41.0)
258,April,Texas,McMullen County,1.8,696241,4682,Point(-100.0 31.0)
259,November,New York,Sullivan County,5,1214,6892,Point(-73.94 40.67)
260,May,Illinois,Massac County,6.9,149998,1327,Point(-89.0 40.0)
261,February,New York,Broome County,7.1,1214,9295,Point(-73.94 40.67)
262,September,Indiana,Hamilton County,2.9,94321,143,Point(-86.216666666 39.933333333)
263,July,Oklahoma,Blaine County,3.7,181195,1303,Point(-98.0 35.5)
264,January,Missouri,Pemiscot County,8.8,181533,2258,Point(-92.5 38.5)
265,March,Nevada,Esmeralda County,4.1,286380,3139,Point(-117.0 39.0)
266,July,Pennsylvania,Philadelphia County,7.8,119283,942,Point(-77.5 41.0)
267,December,Arkansas,Boone County,4.4,137733,4151,Point(-92.2 34.8)
268,March,Texas,Chambers County,4.9,696241,2895,Point(-100.0 31.0)
269,July,Kentucky,Lee County,8.7,104659,2911,Point(-85.0 37.5)
270,May,North Carolina,Gaston County,6.3,139390,2404,Point(-80.0 35.5)
271,June,Utah,Sanpete County,4.6,219653,1614,Point(-111.5 39.5)
272,January,Indiana,Clinton County,5.1,94321,2511,Point(-86.216666666 39.933333333)
273,December,Alabama,Jefferson County,5.6,135765,6769,Point(-86.7 32.7)
274,November,Missouri,Howell County,5.3,181533,5545,Point(-92.5 38.5)
275,June,Iowa,Marshall County,4.4,145746,9876,Point(-93.0 42.0)
276,July,Illinois,Jasper County,6.3,149998,1406,Point(-89.0 40.0)
277,April,California,Plumas County,10.9,423970,2552,Point(-120.0 37.0)
278,October,Utah,Utah County,2.9,219653,1108,Point(-111.5 39.5)
279,November,Montana,Mineral County,9.2,381154,9679,Point(-110.0 47.0)
280,September,North Carolina,Nash County,7,139390,9331,Point(-80.0 35.5)
281,June,Texas,Palo Pinto County,5.5,696241,2478,Point(-100.0 31.0)
282,July,North Dakota,Logan County,2.3,183108,1976,Point(-100.5 47.5)
283,May,Tennessee,Monroe County,6.3,109247,2367,Point(-86.0 36.0)
284,May,Missouri,Madison County,6.8,181533,27549,Point(-92.5 38.5)
285,May,Minnesota,Brown County,4.1,225163,3021,Point(-94.0 46.0)
286,March,Idaho,Minidoka County,4,216699,575,Point(-114.0 45.0)
287,February,Kansas,Wallace County,2.8,213100,1313,Point(-98.0 38.5)
288,November,New Mexico,Lincoln County,5.9,315194,1614,Point(-106.0 34.0)
289,April,Texas,Nueces County,4.4,696241,2832,Point(-100.0 31.0)
290,May,Iowa,Mitchell County,2.7,145746,751,Point(-93.0 42.0)
291,March,Texas,Montgomery County,3.9,696241,27172,Point(-100.0 31.0)
292,January,Tennessee,Marshall County,6.2,109247,902,Point(-86.0 36.0)
293,September,Massachusetts,Plymouth County,5.1,27336,2795,Point(-71.8 42.3)
294,March,Minnesota,Wilkin County,4.1,225163,1031,Point(-94.0 46.0)
295,January,Wyoming,Sweetwater County,4.3,253348,1368,Point(-107.5 43.0)
296,September,Virginia,Prince William County,3.8,110862,2911,Point(-79.0 37.5)
297,September,Idaho,Camas County,3,216699,2311,Point(-114.0 45.0)
298,December,Indiana,Fountain County,6.3,94321,12020,Point(-86.216666666 39.933333333)
299,July,Ohio,Guernsey County,5.9,116096,934,Point(-82.5 40.5)
300,December,Oklahoma,Jefferson County,6.3,181195,465,Point(-98.0 35.5)
301,June,Texas,Freestone County,5.8,696241,2570,Point(-100.0 31.0)
302,August,Arizona,Graham County,7.7,295234,2284,Point(-111.656944 34.286667)
303,July,Mississippi,Yazoo County,9.4,125443,2413,Point(-90.0 33.0)
304,May,Virginia,James City County,4.4,110862,1759,Point(-79.0 37.5)
305,September,Arkansas,Carroll County,3.6,137733,1535,Point(-92.2 34.8)
306,July,Texas,Hunt County,5,696241,4259,Point(-100.0 31.0)
307,February,Iowa,Warren County,4.3,145746,893,Point(-93.0 42.0)
308,May,Oregon,Benton County,4,255026,2600,Point(-120.575 43.935833)
309,June,West Virginia,Upshur County,8.9,62755,2004,Point(-80.5 39.0)
310,September,Colorado,Prowers County,3.7,269837,2051,Point(-105.5 39.0)
311,October,Kentucky,Anderson County,3.7,104659,1270,Point(-85.0 37.5)
312,July,Missouri,Shannon County,8.1,181533,1920,Point(-92.5 38.5)
313,August,Washington,Thurston County,5.7,177,8430,Point(-77.036666666 38.895)
314,February,Wisconsin,Racine County,6.6,169640,2027,Point(-89.5 44.5)
315,January,Virginia,York County,5,110862,1338,Point(-79.0 37.5)
316,June,Arkansas,Hempstead County,5.2,137733,6042,Point(-92.2 34.8)
317,April,Virginia,Washington County,4.5,110862,4174,Point(-79.0 37.5)
318,January,Pennsylvania,Schuylkill County,7.3,119283,2463,Point(-77.5 41.0)
319,November,Alabama,Lowndes County,10.8,135765,2005,Point(-86.7 32.7)
320,December,Kentucky,Powell County,7.9,104659,6310,Point(-85.0 37.5)
321,December,Texas,Matagorda County,7.2,696241,1710,Point(-100.0 31.0)
322,January,North Carolina,Robeson County,9,139390,2043,Point(-80.0 35.5)
323,November,North Carolina,Craven County,5.8,139390,1214,Point(-80.0 35.5)
324,March,Washington,Lewis County,8.8,177,3392,Point(-77.036666666 38.895)
325,May,Ohio,Allen County,4.8,116096,11555,Point(-82.5 40.5)
326,January,Illinois,Pike County,6,149998,579,Point(-89.0 40.0)
327,June,North Carolina,Cleveland County,6.9,139390,2813,Point(-80.0 35.5)
328,October,South Dakota,Mellette County,4.1,199729,1609,Point(-100.0 44.5)
329,August,Utah,Emery County,6.5,219653,1615,Point(-111.5 39.5)
330,September,Virginia,New Kent County,3.6,110862,3343,Point(-79.0 37.5)
331,November,Utah,Rich County,3.6,219653,3319,Point(-111.5 39.5)
332,June,Missouri,Bollinger County,5.7,181533,1583,Point(-92.5 38.5)
333,August,Alabama,Colbert County,8.2,135765,10826,Point(-86.7 32.7)
334,November,Colorado,Conejos County,4.8,269837,1436,Point(-105.5 39.0)
335,April,Texas,Coleman County,5,696241,1611,Point(-100.0 31.0)
336,September,Virginia,Giles County,4.6,110862,3139,Point(-79.0 37.5)
337,March,Nevada,Eureka County,5.4,286380,3093,Point(-117.0 39.0)
338,December,North Carolina,Haywood County,4.7,139390,1445,Point(-80.0 35.5)
339,September,Pennsylvania,Bucks County,4.1,119283,2704,Point(-77.5 41.0)
340,May,Kentucky,Lee County,7.6,104659,4995,Point(-85.0 37.5)
341,April,Indiana,Marion County,4.9,94321,2693,Point(-86.216666666 39.933333333)
342,September,Virginia,Highland County,3.3,110862,1214,Point(-79.0 37.5)
343,October,Alabama,Covington County,6.4,135765,1770,Point(-86.7 32.7)
344,January,Idaho,Twin Falls County,4.6,216699,4846,Point(-114.0 45.0)
345,September,Indiana,Randolph County,3.9,94321,2521,Point(-86.216666666 39.933333333)
346,November,North Carolina,Cleveland County,6.1,139390,1983,Point(-80.0 35.5)
347,August,Oklahoma,Mayes County,4.2,181195,12020,Point(-98.0 35.5)
348,November,Montana,Musselshell County,4.7,381154,1990,Point(-110.0 47.0)
349,January,Texas,Colorado County,4,696241,2987,Point(-100.0 31.0)
350,January,Louisiana,Allen Parish,8.5,135382,4682,Point(-92.0 31.0)
351,February,Arizona,Graham County,7.7,295234,4165,Point(-111.656944 34.286667)
352,August,Missouri,Chariton County,4.8,181533,1488,Point(-92.5 38.5)
353,March,Minnesota,Morrison County,7.3,225163,28.51022,Point(-94.0 46.0)
354,June,Illinois,Hamilton County,4.8,149998,20955,Point(-89.0 40.0)
355,August,Mississippi,Leflore County,10.3,125443,1384,Point(-90.0 33.0)
356,March,Oklahoma,McIntosh County,8.6,181195,6290,Point(-98.0 35.5)
357,June,Virginia,Martinsville City,9.1,110862,519,Point(-79.0 37.5)
358,November,Ohio,Clark County,4.9,116096,2597,Point(-82.5 40.5)
359,February,Virginia,Bath County,5.6,110862,2746,Point(-79.0 37.5)
360,April,Louisiana,Plaquemines Parish,5.5,135382,1488,Point(-92.0 31.0)
361,November,Iowa,Winnebago County,3.3,145746,1531,Point(-93.0 42.0)
362,June,New York,Otsego County,5.1,1214,1415,Point(-73.94 40.67)
363,October,Texas,McLennan County,4,696241,1118,Point(-100.0 31.0)
364,April,Texas,Comal County,3.4,696241,1069,Point(-100.0 31.0)
365,February,Maryland,Saint Marys County,5.2,32133,3548,Point(-76.7 39.0)
366,March,Texas,Brazos County,3.1,696241,15565,Point(-100.0 31.0)
367,May,Virginia,Mecklenburg County,6.2,110862,1888,Point(-79.0 37.5)
368,June,West Virginia,Gilmer County,7.6,62755,2168,Point(-80.5 39.0)
369,October,South Carolina,Allendale County,10.1,82931,2362,Point(-81.0 34.0)
370,August,Iowa,Adams County,2.6,145746,2225,Point(-93.0 42.0)
371,October,Nebraska,Cherry County,2.3,200520,878,Point(-100.0 41.5)
372,December,New Hampshire,Cheshire County,2.7,24214,611,Point(-71.5 44.0)
373,July,Ohio,Fairfield County,4.4,116096,1074,Point(-82.5 40.5)
374,May,Texas,Hemphill County,3.4,696241,3203,Point(-100.0 31.0)
375,August,Virginia,Charlotte County,5.6,110862,1020,Point(-79.0 37.5)
376,February,Kentucky,Letcher County,10.9,104659,2152,Point(-85.0 37.5)
377,May,Indiana,Vanderburgh County,4.3,94321,575,Point(-86.216666666 39.933333333)
378,February,Pennsylvania,Mifflin County,6.8,119283,2059,Point(-77.5 41.0)
379,March,Minnesota,Houston County,5,225163,1881,Point(-94.0 46.0)
380,July,South Carolina,McCormick County,6.8,82931,1741,Point(-81.0 34.0)
381,August,Arkansas,Pope County,5.5,137733,3474,Point(-92.2 34.8)
382,June,Iowa,Mitchell County,3,145746,1345,Point(-93.0 42.0)
383,April,South Carolina,Greenville County,4.9,82931,1361,Point(-81.0 34.0)
384,March,Virginia,Albemarle County,4,110862,914,Point(-79.0 37.5)
385,September,Kentucky,Wayne County,6.7,104659,2863,Point(-85.0 37.5)
386,April,Louisiana,Vernon Parish,7.5,135382,12368,Point(-92.0 31.0)
387,September,Alabama,Macon County,7.7,135765,4513,Point(-86.7 32.7)
388,April,North Carolina,Currituck County,5.4,139390,2737,Point(-80.0 35.5)
389,October,Kentucky,Knott County,9.5,104659,2353,Point(-85.0 37.5)
390,February,Oklahoma,Grady County,4.1,181195,1875,Point(-98.0 35.5)
391,April,Colorado,Las Animas County,5.6,269837,6089,Point(-105.5 39.0)
392,August,Arkansas,Prairie County,4.4,137733,5288,Point(-92.2 34.8)
393,July,Texas,Coryell County,5.1,696241,2173,Point(-100.0 31.0)
394,August,North Carolina,Onslow County,6.2,139390,2704,Point(-80.0 35.5)
395,March,South Carolina,Laurens County,6.7,82931,2257,Point(-81.0 34.0)
396,November,Indiana,Hancock County,4,94321,6030,Point(-86.216666666 39.933333333)
397,March,Wisconsin,Bayfield County,10.7,169640,2807,Point(-89.5 44.5)
398,January,Oklahoma,Muskogee County,5.5,181195,4787,Point(-98.0 35.5)
399,July,Mississippi,Covington County,6.5,125443,1999,Point(-90.0 33.0)
400,August,Kansas,Kearny County,3.4,213100,20955,Point(-98.0 38.5)
401,October,North Dakota,McLean County,2.2,183108,2911,Point(-100.5 47.5)
402,March,Texas,Comanche County,4.5,696241,2515,Point(-100.0 31.0)
403,July,Arizona,Greenlee County,7.9,295234,714,Point(-111.656944 34.286667)
404,February,Wisconsin,Richland County,5.4,169640,4874,Point(-89.5 44.5)
405,November,Arkansas,Clark County,4.4,137733,1699,Point(-92.2 34.8)
406,March,Montana,Jefferson County,4.6,381154,13489,Point(-110.0 47.0)
407,May,Virginia,Augusta County,4.2,110862,3139,Point(-79.0 37.5)
408,April,Minnesota,Wright County,3.6,225163,556,Point(-94.0 46.0)
409,February,Colorado,Summit County,2.7,269837,2423,Point(-105.5 39.0)
410,November,Maryland,Garrett County,6,32133,1925,Point(-76.7 39.0)
411,February,Colorado,Garfield County,5.1,269837,2438,Point(-105.5 39.0)
412,April,Illinois,Lee County,4.7,149998,27549,Point(-89.0 40.0)
413,January,Iowa,Webster County,5.3,145746,2988,Point(-93.0 42.0)
414,November,Texas,Tyler County,7.4,696241,2365,Point(-100.0 31.0)
415,May,California,Alpine County,9.2,423970,1246,Point(-120.0 37.0)
416,June,Nebraska,Frontier County,2.5,200520,1906,Point(-100.0 41.5)
417,August,Washington,Lincoln County,5,177,2911,Point(-77.036666666 38.895)
418,February,Pennsylvania,Clearfield County,7.7,119283,2813,Point(-77.5 41.0)
419,March,South Carolina,Sumter County,6.7,82931,1400,Point(-81.0 34.0)
420,August,Oklahoma,Woodward County,5,181195,10934,Point(-98.0 35.5)
421,July,Kansas,Pratt County,4.7,213100,2087,Point(-98.0 38.5)
422,June,Arkansas,Jefferson County,7.7,137733,769,Point(-92.2 34.8)
423,April,Texas,Navarro County,3.9,696241,3889,Point(-100.0 31.0)
424,May,Kansas,Harvey County,4,213100,1196,Point(-98.0 38.5)
425,March,Montana,Teton County,4.4,381154,6262,Point(-110.0 47.0)
426,December,South Carolina,Chesterfield County,5.5,82931,1795,Point(-81.0 34.0)
427,January,Virginia,Greensville County,6.2,110862,3093,Point(-79.0 37.5)
428,May,Kentucky,Oldham County,4,104659,1395,Point(-85.0 37.5)
429,December,Mississippi,Oktibbeha County,6.7,125443,5280,Point(-90.0 33.0)
430,March,Nebraska,Holt County,2.6,200520,17162,Point(-100.0 41.5)
431,November,Ohio,Ross County,5,116096,4037,Point(-82.5 40.5)
432,July,Mississippi,Marion County,8,125443,1442,Point(-90.0 33.0)
433,August,Oklahoma,Harmon County,2.8,181195,9679,Point(-98.0 35.5)
434,April,Illinois,Union County,6.6,149998,1293,Point(-89.0 40.0)
435,May,New Mexico,Otero County,6.2,315194,1367,Point(-106.0 34.0)
436,January,Texas,Uvalde County,5.2,696241,465,Point(-100.0 31.0)
437,September,Tennessee,Humphreys County,6.6,109247,1381,Point(-86.0 36.0)
438,June,Pennsylvania,Monroe County,6.5,119283,1334,Point(-77.5 41.0)
439,May,Tennessee,Gibson County,7.7,109247,2328,Point(-86.0 36.0)
440,October,Minnesota,Big Stone County,3,225163,976,Point(-94.0 46.0)
441,September,Virginia,Wythe County,5,110862,571,Point(-79.0 37.5)
442,October,Arkansas,Scott County,4.2,137733,2407,Point(-92.2 34.8)
443,November,North Dakota,Burke County,3.2,183108,27549,Point(-100.5 47.5)
444,August,Texas,Cooke County,4,696241,1695,Point(-100.0 31.0)
445,February,Illinois,Jersey County,6.8,149998,9059,Point(-89.0 40.0)
446,March,Mississippi,Clay County,9.4,125443,3802,Point(-90.0 33.0)
447,March,Texas,Gray County,4.6,696241,1892,Point(-100.0 31.0)
448,February,Minnesota,Lincoln County,5.8,225163,1481,Point(-94.0 46.0)
449,September,Kansas,Coffey County,5.7,213100,3256,Point(-98.0 38.5)
450,May,Montana,Lewis and Clark County,2.9,381154,3244,Point(-110.0 47.0)
451,June,Oklahoma,Delaware County,5.2,181195,5040,Point(-98.0 35.5)
452,April,Illinois,Saline County,6.5,149998,7257,Point(-89.0 40.0)
453,January,Iowa,Black Hawk County,5.5,145746,873,Point(-93.0 42.0)
454,April,New York,Oneida County,5.5,1214,2271,Point(-73.94 40.67)
455,March,Mississippi,Clarke County,7.6,125443,5307,Point(-90.0 33.0)
456,April,Montana,Toole County,2.9,381154,1808,Point(-110.0 47.0)
457,September,South Dakota,Jackson County,3.3,199729,1999,Point(-100.0 44.5)
458,June,Virginia,Gloucester County,4.1,110862,2511,Point(-79.0 37.5)
459,December,Minnesota,Norman County,5.1,225163,502,Point(-94.0 46.0)
460,December,Oregon,Morrow County,6.1,255026,1554,Point(-120.575 43.935833)
461,June,Missouri,New Madrid County,6.6,181533,2922,Point(-92.5 38.5)
462,October,Montana,Richland County,3.1,381154,2086,Point(-110.0 47.0)
463,September,Indiana,Jasper County,4.9,94321,1234,Point(-86.216666666 39.933333333)
464,June,West Virginia,Wyoming County,10.4,62755,1619,Point(-80.5 39.0)
465,March,Arkansas,Miller County,5.5,137733,6203,Point(-92.2 34.8)
466,July,South Carolina,Orangeburg County,12.3,82931,1443,Point(-81.0 34.0)
467,March,Colorado,Arapahoe County,4.4,269837,2478,Point(-105.5 39.0)
468,October,Missouri,Daviess County,3.1,181533,1479,Point(-92.5 38.5)
469,August,Texas,Haskell County,3.5,696241,990,Point(-100.0 31.0)
470,March,Oregon,Wasco County,6.7,255026,6045,Point(-120.575 43.935833)
471,August,South Carolina,Barnwell County,9.1,82931,2869,Point(-81.0 34.0)
472,April,Wisconsin,Brown County,4,169640,1671,Point(-89.5 44.5)
473,February,Nebraska,Loup County,3.1,200520,11168,Point(-100.0 41.5)
474,May,Virginia,Culpeper County,4.5,110862,743,Point(-79.0 37.5)
475,October,New Mexico,Debaca County,5.1,315194,6580,Point(-106.0 34.0)
476,June,Texas,Kerr County,4,696241,1520,Point(-100.0 31.0)
477,December,Virginia,Portsmouth City,5.8,110862,2976,Point(-79.0 37.5)
478,February,Minnesota,Meeker County,5.9,225163,3099,Point(-94.0 46.0)
479,April,Washington,Yakima County,7.7,177,2477,Point(-77.036666666 38.895)
480,March,Washington,Wahkiakum County,9.6,177,1871,Point(-77.036666666 38.895)
481,December,Kansas,Stevens County,4.2,213100,2696,Point(-98.0 38.5)
482,April,Arkansas,Baxter County,5.9,137733,948,Point(-92.2 34.8)
483,August,Wisconsin,Oconto County,4.3,169640,1578,Point(-89.5 44.5)
484,May,Kansas,Cheyenne County,3.2,213100,1971,Point(-98.0 38.5)
485,October,New Hampshire,Merrimack County,2.6,24214,1614,Point(-71.5 44.0)
486,August,Minnesota,Nobles County,2.7,225163,1529,Point(-94.0 46.0)
487,May,Oklahoma,Harper County,3.1,181195,2178,Point(-98.0 35.5)
488,July,West Virginia,Monongalia County,5.4,62755,1861,Point(-80.5 39.0)
489,January,West Virginia,Raleigh County,7.9,62755,1728,Point(-80.5 39.0)
490,January,South Dakota,Ziebach County,4.7,199729,1318,Point(-100.0 44.5)
491,February,Indiana,Marshall County,5,94321,1294,Point(-86.216666666 39.933333333)
492,April,Mississippi,Simpson County,5.1,125443,1663,Point(-90.0 33.0)
493,August,Texas,Winkler County,6.2,696241,1721,Point(-100.0 31.0)
494,February,Kansas,Cloud County,4.1,213100,21648,Point(-98.0 38.5)
495,January,Arkansas,Searcy County,7.6,137733,1862,Point(-92.2 34.8)
496,February,Missouri,Sainte Genevieve County,6.4,181533,4682,Point(-92.5 38.5)
497,July,Tennessee,Hawkins County,7,109247,6172,Point(-86.0 36.0)
498,December,Louisiana,Jefferson Parish,4.5,135382,5983,Point(-92.0 31.0)
499,June,Texas,Armstrong County,2.9,696241,27549,Point(-100.0 31.0)
500,May,Illinois,Lake County,4.8,149998,2050,Point(-89.0 40.0)
501,June,Mississippi,Lauderdale County,7.4,125443,2087,Point(-90.0 33.0)
502,December,New York,Hamilton County,8.7,1214,2536,Point(-73.94 40.67)
503,January,Texas,Dawson County,4.5,696241,1999,Point(-100.0 31.0)
504,June,Missouri,Linn County,7.3,181533,2511,Point(-92.5 38.5)
505,September,Colorado,Lincoln County,2.7,269837,1931,Point(-105.5 39.0)
506,January,Missouri,Oregon County,6.9,181533,1393,Point(-92.5 38.5)
507,July,Virginia,Chesterfield County,4.5,110862,2700,Point(-79.0 37.5)
508,November,Minnesota,Todd County,4.1,225163,1350,Point(-94.0 46.0)
509,June,Connecticut,New London County,5.7,14357,4336,Point(-72.7 41.6)
510,February,Texas,Jasper County,7.3,696241,1060,Point(-100.0 31.0)
511,April,Nebraska,Scotts Bluff County,3.2,200520,1310,Point(-100.0 41.5)
512,September,Virginia,Surry County,4.9,110862,1209,Point(-79.0 37.5)
513,July,Illinois,White County,6.1,149998,1709,Point(-89.0 40.0)
514,March,Virginia,Loudoun County,3.8,110862,6042,Point(-79.0 37.5)
515,May,Montana,Petroleum County,3.9,381154,1649,Point(-110.0 47.0)
516,February,Mississippi,Jefferson Davis County,8.2,125443,1520,Point(-90.0 33.0)
517,June,Minnesota,McLeod County,4,225163,743,Point(-94.0 46.0)
518,May,South Carolina,Cherokee County,7.5,82931,1380,Point(-81.0 34.0)
519,November,North Carolina,Buncombe County,4,139390,7257,Point(-80.0 35.5)
520,March,Kentucky,Powell County,7.9,104659,2282,Point(-85.0 37.5)
521,April,South Dakota,Deuel County,5.8,199729,4361,Point(-100.0 44.5)
522,February,Arkansas,Baxter County,6.6,137733,1299,Point(-92.2 34.8)
523,June,Washington,Wahkiakum County,8.8,177,2911,Point(-77.036666666 38.895)
524,December,South Dakota,Jerauld County,2.6,199729,18044,Point(-100.0 44.5)
525,May,North Carolina,Jackson County,6.3,139390,2233,Point(-80.0 35.5)
526,March,Texas,Fort Bend County,3.9,696241,1295,Point(-100.0 31.0)
527,May,Washington,Skamania County,7.3,177,1578,Point(-77.036666666 38.895)
528,September,New York,Cortland County,4.9,1214,849,Point(-73.94 40.67)
529,February,Kentucky,Jefferson County,5.2,104659,3372,Point(-85.0 37.5)
530,October,Wyoming,Park County,3.7,253348,2775,Point(-107.5 43.0)
531,July,Connecticut,New Haven County,6.4,14357,426,Point(-72.7 41.6)
532,December,New York,Westchester County,4,1214,377,Point(-73.94 40.67)
533,October,West Virginia,Raleigh County,6.3,62755,8430,Point(-80.5 39.0)
534,August,Illinois,Will County,5.6,149998,795,Point(-89.0 40.0)
535,March,Texas,Zavala County,10.2,696241,1313,Point(-100.0 31.0)
536,January,Kansas,Gove County,2.6,213100,1862,Point(-98.0 38.5)
537,August,Louisiana,West Feliciana Parish,5,135382,1826,Point(-92.0 31.0)
538,June,Ohio,Wood County,4.5,116096,1235,Point(-82.5 40.5)
539,June,Indiana,Washington County,5,94321,2358,Point(-86.216666666 39.933333333)
540,May,Indiana,Dearborn County,5,94321,2305,Point(-86.216666666 39.933333333)
541,September,Virginia,Montgomery County,3.9,110862,3184,Point(-79.0 37.5)
542,March,Montana,Silver Bow County,4.8,381154,4189,Point(-110.0 47.0)
543,January,Texas,Panola County,4.6,696241,2168,Point(-100.0 31.0)
544,July,Virginia,Russell County,6.5,110862,6545,Point(-79.0 37.5)
545,November,Texas,Dewitt County,4.3,696241,3802,Point(-100.0 31.0)
546,August,Montana,Wibaux County,3,381154,1350,Point(-110.0 47.0)
547,November,Texas,Starr County,13.6,696241,4732,Point(-100.0 31.0)
548,September,South Dakota,Tripp County,2.4,199729,1069,Point(-100.0 44.5)
549,October,South Carolina,Fairfield County,7.8,82931,5280,Point(-81.0 34.0)
550,October,Montana,Sheridan County,2.2,381154,27549,Point(-110.0 47.0)
551,January,Ohio,Delaware County,4.3,116096,4235,Point(-82.5 40.5)
552,December,Oklahoma,Coal County,6.5,181195,3046,Point(-98.0 35.5)
553,May,South Dakota,Haakon County,2.2,199729,21648,Point(-100.0 44.5)
554,June,South Carolina,Allendale County,11.6,82931,2958,Point(-81.0 34.0)
555,September,Illinois,Union County,6.9,149998,5150,Point(-89.0 40.0)
556,July,Oklahoma,Lincoln County,4.4,181195,1877,Point(-98.0 35.5)
557,March,Wyoming,Crook County,4.1,253348,1552,Point(-107.5 43.0)
558,May,Texas,Liberty County,6.6,696241,2258,Point(-100.0 31.0)
559,September,Montana,Lake County,4.3,381154,2138,Point(-110.0 47.0)
560,December,Indiana,Knox County,4.8,94321,1402,Point(-86.216666666 39.933333333)
561,June,Oregon,Curry County,8.1,255026,1510,Point(-120.575 43.935833)
562,August,Ohio,Franklin County,3.8,116096,8430,Point(-82.5 40.5)
563,April,Tennessee,Morgan County,7.3,109247,830,Point(-86.0 36.0)
564,July,Alabama,Chambers County,6.9,135765,1504,Point(-86.7 32.7)
565,June,New York,Dutchess County,4.7,1214,1860,Point(-73.94 40.67)
566,June,Ohio,Belmont County,6.5,116096,2693,Point(-82.5 40.5)
567,September,Minnesota,Mahnomen County,4.1,225163,5280,Point(-94.0 46.0)
568,January,Missouri,Washington County,8.3,181533,1646,Point(-92.5 38.5)
569,February,West Virginia,Doddridge County,6.7,62755,2635,Point(-80.5 39.0)
570,July,Oklahoma,Nowata County,5.8,181195,750,Point(-98.0 35.5)
571,September,Alabama,Lawrence County,7.4,135765,1860,Point(-86.7 32.7)
572,November,Indiana,Randolph County,4.4,94321,5222,Point(-86.216666666 39.933333333)
573,August,Iowa,Union County,3.7,145746,8430,Point(-93.0 42.0)
574,June,Texas,Milam County,5.6,696241,27549,Point(-100.0 31.0)
575,August,Tennessee,Bedford County,6.6,109247,3240,Point(-86.0 36.0)
576,February,North Carolina,Pasquotank County,8.1,139390,853,Point(-80.0 35.5)
577,October,Ohio,Lawrence County,5.3,116096,9020,Point(-82.5 40.5)
578,March,Nevada,Lyon County,9.7,286380,502,Point(-117.0 39.0)
579,June,Virginia,Washington County,5,110862,2582,Point(-79.0 37.5)
580,November,Kansas,Lincoln County,3,213100,1582,Point(-98.0 38.5)
581,December,Texas,Kimble County,4.2,696241,2546,Point(-100.0 31.0)
582,May,Wisconsin,Washburn County,4.9,169640,1741,Point(-89.5 44.5)
583,April,Kentucky,Meade County,5.3,104659,1047,Point(-85.0 37.5)
584,June,Pennsylvania,Wyoming County,6.1,119283,1952,Point(-77.5 41.0)
585,May,Pennsylvania,Sullivan County,6.4,119283,283,Point(-77.5 41.0)
586,March,Alabama,Crenshaw County,5.8,135765,1559,Point(-86.7 32.7)
587,February,Alabama,Marengo County,7.9,135765,2110,Point(-86.7 32.7)
588,July,Nebraska,Wayne County,3.5,200520,3132,Point(-100.0 41.5)
589,June,North Carolina,Person County,7.4,139390,1305,Point(-80.0 35.5)
590,June,Texas,Karnes County,4.7,696241,1218,Point(-100.0 31.0)
591,February,New Mexico,Los Alamos County,4.2,315194,2973,Point(-106.0 34.0)
592,June,Idaho,Jerome County,3.1,216699,2294,Point(-114.0 45.0)
593,March,South Dakota,Hughes County,3,199729,1023,Point(-100.0 44.5)
594,October,Utah,Wasatch County,3.3,219653,4580,Point(-111.5 39.5)
595,February,Iowa,Buchanan County,5.5,145746,1313,Point(-93.0 42.0)
596,June,Mississippi,Forrest County,7.1,125443,27549,Point(-90.0 33.0)
597,November,Illinois,La Salle County,7.5,149998,959,Point(-89.0 40.0)
598,April,Texas,Collin County,3.4,696241,1838,Point(-100.0 31.0)
599,January,Illinois,Henry County,7.1,149998,3789,Point(-89.0 40.0)
600,October,California,Sonoma County,4.2,423970,2739,Point(-120.0 37.0)
601,February,Ohio,Montgomery County,5.6,116096,2391,Point(-82.5 40.5)
602,September,Arkansas,Lincoln County,5.7,137733,1059,Point(-92.2 34.8)
603,April,Maine,Sagadahoc County,3.7,91646,2981,Point(-69.0 45.5)
604,January,Wisconsin,Buffalo County,6.1,169640,1119,Point(-89.5 44.5)
605,March,California,Mariposa County,9.8,423970,2152,Point(-120.0 37.0)
606,October,Texas,Red River County,6.2,696241,1414,Point(-100.0 31.0)
607,April,Ohio,Lorain County,5.4,116096,1741,Point(-82.5 40.5)
608,May,Indiana,Hendricks County,3.9,94321,702,Point(-86.216666666 39.933333333)
609,March,North Dakota,Lamoure County,3.6,183108,3548,Point(-100.5 47.5)
610,May,Iowa,Ida County,2.9,145746,1726,Point(-93.0 42.0)
611,August,Illinois,Pope County,7.7,149998,18874,Point(-89.0 40.0)
612,May,Virginia,Botetourt County,4.3,110862,3306,Point(-79.0 37.5)
613,May,North Carolina,Wayne County,6.4,139390,2335,Point(-80.0 35.5)
614,October,Illinois,Dekalb County,5.6,149998,1838,Point(-89.0 40.0)
615,April,Colorado,Adams County,4.4,269837,5533,Point(-105.5 39.0)
616,January,Alabama,Coosa County,7.8,135765,6769,Point(-86.7 32.7)
617,August,Utah,Tooele County,4.2,219653,840,Point(-111.5 39.5)
618,August,Texas,Cameron County,7.1,696241,2132,Point(-100.0 31.0)
619,January,Texas,Ector County,3.4,696241,3132,Point(-100.0 31.0)
620,May,South Dakota,Buffalo County,7.5,199729,1337,Point(-100.0 44.5)
621,July,Ohio,Huron County,5.8,116096,13489,Point(-82.5 40.5)
622,May,California,Plumas County,9.4,423970,1616,Point(-120.0 37.0)
623,December,Oregon,Hood River County,4.9,255026,1234,Point(-120.575 43.935833)
624,December,Mississippi,Newton County,7.1,125443,2381,Point(-90.0 33.0)
625,November,Utah,Wasatch County,3.2,219653,893,Point(-111.5 39.5)
626,November,Minnesota,Rice County,2.7,225163,1475,Point(-94.0 46.0)
627,June,Washington,Garfield County,5.3,177,1552,Point(-77.036666666 38.895)
628,April,Mississippi,Greene County,6.7,125443,3099,Point(-90.0 33.0)
629,June,Nebraska,Dixon County,3.6,200520,2911,Point(-100.0 41.5)
630,December,Iowa,Taylor County,2.9,145746,3184,Point(-93.0 42.0)
631,August,Iowa,Decatur County,3.1,145746,878,Point(-93.0 42.0)
632,May,Iowa,Palo Alto County,2.9,145746,1971,Point(-93.0 42.0)
633,August,Tennessee,Morgan County,7.2,109247,12786,Point(-86.0 36.0)
634,February,Kansas,Cheyenne County,2.9,213100,6030,Point(-98.0 38.5)
635,January,Missouri,Jefferson County,6,181533,1759,Point(-92.5 38.5)
636,April,Texas,Starr County,13.1,696241,2147,Point(-100.0 31.0)
637,March,Iowa,Woodbury County,4.2,145746,34886,Point(-93.0 42.0)
638,September,South Dakota,Ziebach County,3.9,199729,5952,Point(-100.0 44.5)
639,August,Oklahoma,Custer County,3.9,181195,6042,Point(-98.0 35.5)
640,December,North Dakota,McLean County,3.8,183108,1494,Point(-100.5 47.5)
641,July,Arkansas,Benton County,4.1,137733,1866,Point(-92.2 34.8)
642,May,Missouri,Stoddard County,6.5,181533,2700,Point(-92.5 38.5)
643,December,Arizona,Mohave County,7.5,295234,2578,Point(-111.656944 34.286667)
644,February,North Dakota,Stutsman County,3.7,183108,18.037146,Point(-100.5 47.5)
645,January,Montana,Powell County,5.9,381154,934,Point(-110.0 47.0)
646,December,Missouri,Adair County,4.3,181533,2693,Point(-92.5 38.5)
647,August,Nebraska,Furnas County,2.6,200520,1166,Point(-100.0 41.5)
648,June,Illinois,White County,5.6,149998,1868,Point(-89.0 40.0)
649,July,California,Sacramento County,6.3,423970,9876,Point(-120.0 37.0)
650,August,Virginia,Emporia City,7.6,110862,338,Point(-79.0 37.5)
651,March,Mississippi,Yazoo County,7.6,125443,1477,Point(-90.0 33.0)
652,March,Missouri,Randolph County,6.7,181533,3911,Point(-92.5 38.5)
653,August,Indiana,Parke County,4.9,94321,1303,Point(-86.216666666 39.933333333)
654,November,Vermont,Orleans County,5.1,24923,3306,Point(-72.7 44.0)
655,May,Colorado,Mineral County,4,269837,1149,Point(-105.5 39.0)
656,October,North Carolina,Yadkin County,4.7,139390,26486,Point(-80.0 35.5)
657,December,Missouri,Cooper County,4.2,181533,6030,Point(-92.5 38.5)
658,December,North Dakota,Cavalier County,2.9,183108,2353,Point(-100.5 47.5)
659,April,Nebraska,Boone County,2.2,200520,642,Point(-100.0 41.5)
660,October,Texas,Cameron County,6.7,696241,976,Point(-100.0 31.0)
661,January,Kentucky,Laurel County,7,104659,1213,Point(-85.0 37.5)
662,December,Oregon,Harney County,7.4,255026,4732,Point(-120.575 43.935833)
663,September,Kentucky,McLean County,4.5,104659,3152,Point(-85.0 37.5)
664,December,Texas,Hockley County,4.1,696241,1016,Point(-100.0 31.0)
665,January,Minnesota,Winona County,4,225163,2517,Point(-94.0 46.0)
666,April,Illinois,Jersey County,5.4,149998,1218,Point(-89.0 40.0)
667,May,Kansas,Leavenworth County,4.6,213100,3399,Point(-98.0 38.5)
668,December,South Dakota,Haakon County,2.4,199729,4968,Point(-100.0 44.5)
669,March,Virginia,Cumberland County,6,110862,2470,Point(-79.0 37.5)
670,August,North Carolina,Hoke County,8.4,139390,2704,Point(-80.0 35.5)
671,July,Mississippi,Jones County,6.2,125443,3888,Point(-90.0 33.0)
672,December,Alabama,Butler County,7.4,135765,4823,Point(-86.7 32.7)
673,March,New York,Oswego County,8,1214,7257,Point(-73.94 40.67)
674,November,Utah,Sevier County,3.8,219653,1909,Point(-111.5 39.5)
675,May,North Carolina,Columbus County,7.8,139390,571,Point(-80.0 35.5)
676,March,Mississippi,Covington County,5.6,125443,1862,Point(-90.0 33.0)
677,November,Texas,Andrews County,3.9,696241,1062,Point(-100.0 31.0)
678,November,Montana,Sweet Grass County,2.8,381154,52073,Point(-110.0 47.0)
679,February,Missouri,Jackson County,7.1,181533,5174,Point(-92.5 38.5)
680,October,Mississippi,Attala County,7.4,125443,6089,Point(-90.0 33.0)
681,December,Kentucky,Clay County,10.7,104659,1741,Point(-85.0 37.5)
682,January,Tennessee,Lauderdale County,10,109247,3207,Point(-86.0 36.0)
683,June,Idaho,Payette County,4.9,216699,1385,Point(-114.0 45.0)
684,December,Virginia,Norfolk City,5.2,110862,3919,Point(-79.0 37.5)
685,November,California,San Bernardino County,6,423970,2650,Point(-120.0 37.0)
686,October,Arkansas,Polk County,5,137733,1572,Point(-92.2 34.8)
687,February,Iowa,Hancock County,3.2,145746,6172,Point(-93.0 42.0)
688,September,West Virginia,Wayne County,6.2,62755,2329,Point(-80.5 39.0)
689,September,California,Santa Cruz County,5.5,423970,2528,Point(-120.0 37.0)
690,November,West Virginia,McDowell County,10.8,62755,3022,Point(-80.5 39.0)
691,August,North Dakota,Barnes County,3.1,183108,1380,Point(-100.5 47.5)
692,February,Texas,Travis County,3.4,696241,887,Point(-100.0 31.0)
693,November,Texas,Limestone County,5.4,696241,2635,Point(-100.0 31.0)
694,February,Texas,Dawson County,4.5,696241,7308,Point(-100.0 31.0)
695,August,Texas,Castro County,3.5,696241,4682,Point(-100.0 31.0)
696,September,West Virginia,Harrison County,5.7,62755,1337,Point(-80.5 39.0)
697,November,North Dakota,Bowman County,1.7,183108,1753,Point(-100.5 47.5)
698,April,South Dakota,Jerauld County,2.2,199729,974,Point(-100.0 44.5)
699,November,Indiana,Perry County,4.5,94321,1313,Point(-86.216666666 39.933333333)
700,September,Virginia,Bedford County,4.1,110862,516,Point(-79.0 37.5)
701,May,New York,Saint Lawrence County,6.9,1214,1700,Point(-73.94 40.67)
702,August,Ohio,Hamilton County,4.2,116096,2308,Point(-82.5 40.5)
703,November,West Virginia,Braxton County,7.8,62755,1303,Point(-80.5 39.0)
704,August,Texas,Loving County,5.7,696241,2004,Point(-100.0 31.0)
705,April,New York,Yates County,5.2,1214,1126,Point(-73.94 40.67)
706,July,Virginia,Montgomery County,4.7,110862,8897,Point(-79.0 37.5)
707,January,New York,Rockland County,5.3,1214,2570,Point(-73.94 40.67)
708,February,Alabama,Hale County,8,135765,1023,Point(-86.7 32.7)
709,December,Texas,Stephens County,4.7,696241,2381,Point(-100.0 31.0)
710,April,Iowa,Boone County,3,145746,6262,Point(-93.0 42.0)
711,January,Texas,Falls County,4.7,696241,1925,Point(-100.0 31.0)
712,February,Mississippi,Sharkey County,11.1,125443,13297,Point(-90.0 33.0)
713,April,Nevada,White Pine County,5.9,286380,5974,Point(-117.0 39.0)
714,July,Indiana,Carroll County,4.4,94321,1034,Point(-86.216666666 39.933333333)
715,June,Indiana,Henry County,5,94321,1861,Point(-86.216666666 39.933333333)
716,March,Iowa,Taylor County,3.3,145746,10495,Point(-93.0 42.0)
717,February,Nebraska,Holt County,2.7,200520,2149,Point(-100.0 41.5)
718,December,California,Alpine County,5.9,423970,2824,Point(-120.0 37.0)
719,January,Kansas,Douglas County,4.2,213100,6843,Point(-98.0 38.5)
720,July,Washington,King County,4.6,177,1861,Point(-77.036666666 38.895)
721,December,Missouri,Cole County,2.9,181533,2347,Point(-92.5 38.5)
722,July,West Virginia,Calhoun County,10.4,62755,5038,Point(-80.5 39.0)
723,February,Iowa,Humboldt County,4.3,145746,1313,Point(-93.0 42.0)
724,January,North Carolina,Halifax County,9.3,139390,2152,Point(-80.0 35.5)
725,May,Iowa,Van Buren County,3.6,145746,1385,Point(-93.0 42.0)
726,April,Texas,Reeves County,4.2,696241,1881,Point(-100.0 31.0)
727,February,Nebraska,Hitchcock County,3.6,200520,985,Point(-100.0 41.5)
728,February,Texas,Borden County,2.4,696241,1543,Point(-100.0 31.0)
729,October,Kansas,Morton County,3.4,213100,851,Point(-98.0 38.5)
730,November,Virginia,Dinwiddie County,4.5,110862,27549,Point(-79.0 37.5)
731,June,Minnesota,Pope County,3.2,225163,1213,Point(-94.0 46.0)
732,September,Illinois,Fulton County,7.1,149998,2584,Point(-89.0 40.0)
733,July,Minnesota,Rock County,2.1,225163,2463,Point(-94.0 46.0)
734,July,Wisconsin,Green Lake County,4.7,169640,8430,Point(-89.5 44.5)
735,October,Ohio,Lucas County,4.7,116096,2771,Point(-82.5 40.5)
736,April,North Carolina,Richmond County,7.3,139390,3743,Point(-80.0 35.5)
737,February,Wyoming,Lincoln County,5.9,253348,1968,Point(-107.5 43.0)
738,April,Kansas,Leavenworth County,4.6,213100,1783,Point(-98.0 38.5)
739,August,Ohio,Champaign County,3.9,116096,2536,Point(-82.5 40.5)
740,December,North Carolina,Robeson County,7.5,139390,1646,Point(-80.0 35.5)
741,July,North Carolina,Washington County,8.8,139390,3548,Point(-80.0 35.5)
742,March,Texas,Gonzales County,3.3,696241,1149,Point(-100.0 31.0)
743,July,Minnesota,Becker County,4,225163,7257,Point(-94.0 46.0)
744,March,South Carolina,Chester County,8.5,82931,12786,Point(-81.0 34.0)
745,April,Wisconsin,Columbia County,4.4,169640,2015,Point(-89.5 44.5)
746,April,Virginia,Grayson County,5.7,110862,3132,Point(-79.0 37.5)
747,May,Texas,Milam County,5,696241,3692,Point(-100.0 31.0)
748,July,Nebraska,Adams County,3.6,200520,1303,Point(-100.0 41.5)
749,November,Kentucky,Laurel County,6.3,104659,1140,Point(-85.0 37.5)
750,September,Illinois,Jackson County,5.2,149998,3178,Point(-89.0 40.0)
751,May,Montana,Custer County,2.9,381154,1406,Point(-110.0 47.0)
752,August,Kansas,Chase County,3.3,213100,9679,Point(-98.0 38.5)
753,September,Utah,Wasatch County,3,219653,1323,Point(-111.5 39.5)
754,March,Washington,Pend Oreille County,10.5,177,702,Point(-77.036666666 38.895)
755,April,Illinois,Boone County,5.4,149998,3688,Point(-89.0 40.0)
756,December,Illinois,Piatt County,5.6,149998,1963,Point(-89.0 40.0)
757,October,Ohio,Erie County,4.7,116096,1578,Point(-82.5 40.5)
758,August,North Carolina,Nash County,7.7,139390,1860,Point(-80.0 35.5)
759,July,Pennsylvania,Monroe County,6.7,119283,1453,Point(-77.5 41.0)
760,March,Iowa,Louisa County,4.3,145746,1481,Point(-93.0 42.0)
761,July,Tennessee,Dekalb County,7.7,109247,3377,Point(-86.0 36.0)
762,February,South Dakota,Hyde County,2.9,199729,5941,Point(-100.0 44.5)
763,December,South Carolina,Lexington County,4.3,82931,1949,Point(-81.0 34.0)
764,June,West Virginia,Raleigh County,7.7,62755,1861,Point(-80.5 39.0)
765,October,Alabama,Lawrence County,7.4,135765,2463,Point(-86.7 32.7)
766,December,Tennessee,McNairy County,7.9,109247,2958,Point(-86.0 36.0)
767,June,Mississippi,Neshoba County,6.7,125443,1863,Point(-90.0 33.0)
768,August,California,Santa Clara County,4.1,423970,18044,Point(-120.0 37.0)
769,August,Ohio,Ashland County,4.4,116096,1108,Point(-82.5 40.5)
770,June,Minnesota,Swift County,7.9,225163,1270,Point(-94.0 46.0)
771,October,Iowa,Calhoun County,3.5,145746,1838,Point(-93.0 42.0)
772,September,North Carolina,Robeson County,8,139390,4403,Point(-80.0 35.5)
773,August,Kentucky,Knox County,7.7,104659,1723,Point(-85.0 37.5)
774,October,Nebraska,Nemaha County,3,200520,6545,Point(-100.0 41.5)
775,December,Colorado,Park County,2.9,269837,8430,Point(-105.5 39.0)
776,November,Oklahoma,Logan County,3.3,181195,2584,Point(-98.0 35.5)
777,May,Virginia,York County,4.5,110862,4044,Point(-79.0 37.5)
778,August,Nebraska,Buffalo County,2.5,200520,13499,Point(-100.0 41.5)
779,September,Colorado,La Plata County,2.7,269837,571,Point(-105.5 39.0)
780,July,New York,Rensselaer County,4.9,1214,23891,Point(-73.94 40.67)
781,November,Maryland,Queen Annes County,4.3,32133,5577,Point(-76.7 39.0)
782,July,Virginia,Alexandria City,3.3,110862,1864,Point(-79.0 37.5)
783,August,Montana,Sheridan County,2.1,381154,4604,Point(-110.0 47.0)
784,January,Virginia,Newport News City,6.4,110862,1171,Point(-79.0 37.5)
785,December,Virginia,Washington County,4.2,110862,1765,Point(-79.0 37.5)
786,March,Illinois,Champaign County,4.8,149998,1303,Point(-89.0 40.0)
787,April,North Carolina,Dare County,6.6,139390,9679,Point(-80.0 35.5)
788,August,Montana,Phillips County,3.5,381154,714,Point(-110.0 47.0)
789,June,Texas,Clay County,4.9,696241,556,Point(-100.0 31.0)
790,June,Arizona,Maricopa County,5.4,295234,824,Point(-111.656944 34.286667)
791,January,California,Madera County,12.3,423970,851,Point(-120.0 37.0)
792,September,Minnesota,Murray County,2.7,225163,1326,Point(-94.0 46.0)
793,December,Texas,Harris County,4.6,696241,1819,Point(-100.0 31.0)
794,October,Virginia,Smyth County,5.9,110862,3097,Point(-79.0 37.5)
795,September,Illinois,Kankakee County,6.3,149998,1058,Point(-89.0 40.0)
796,December,Nebraska,Boone County,2.6,200520,650,Point(-100.0 41.5)
797,April,New York,Monroe County,5.2,1214,1872,Point(-73.94 40.67)
798,December,Missouri,Wright County,5.3,181533,2005,Point(-92.5 38.5)
799,December,Missouri,Webster County,4.2,181533,2282,Point(-92.5 38.5)
800,July,Kentucky,Rockcastle County,7,104659,2415,Point(-85.0 37.5)
801,October,New York,Richmond County,5.1,1214,11731,Point(-73.94 40.67)
802,January,South Carolina,Pickens County,6.5,82931,14129,Point(-81.0 34.0)
803,April,Oklahoma,Okmulgee County,6,181195,1400,Point(-98.0 35.5)
804,March,Virginia,Sussex County,7.5,110862,610,Point(-79.0 37.5)
805,July,Indiana,Rush County,4.1,94321,2030,Point(-86.216666666 39.933333333)
806,April,Virginia,Roanoke County,3.8,110862,1253,Point(-79.0 37.5)
807,March,Minnesota,Freeborn County,4.6,225163,1626,Point(-94.0 46.0)
808,September,North Carolina,Craven County,5.7,139390,1234,Point(-80.0 35.5)
809,May,Texas,Fort Bend County,4.1,696241,2334,Point(-100.0 31.0)
810,April,Texas,Lamar County,4.5,696241,1616,Point(-100.0 31.0)
811,June,Nebraska,Grant County,2.4,200520,11731,Point(-100.0 41.5)
812,July,New Mexico,McKinley County,11.1,315194,7211,Point(-106.0 34.0)
813,December,Louisiana,Caldwell Parish,6.3,135382,2259,Point(-92.0 31.0)
814,April,Louisiana,Saint Mary Parish,7,135382,34886,Point(-92.0 31.0)
815,August,Indiana,Shelby County,4,94321,2536,Point(-86.216666666 39.933333333)
816,June,Tennessee,Roane County,7.1,109247,1115,Point(-86.0 36.0)
817,September,Texas,San Jacinto County,6.1,696241,864,Point(-100.0 31.0)
818,October,Kentucky,Daviess County,4.3,104659,21648,Point(-85.0 37.5)
819,February,Texas,Callahan County,4.2,696241,12341,Point(-100.0 31.0)
820,June,Mississippi,Greene County,8.4,125443,27549,Point(-90.0 33.0)
821,September,Arkansas,Grant County,4.3,137733,609,Point(-92.2 34.8)
822,August,South Dakota,Pennington County,2.8,199729,2455,Point(-100.0 44.5)
823,March,Texas,Kent County,2.2,696241,2385,Point(-100.0 31.0)
824,January,Arizona,Mohave County,9,295234,1638,Point(-111.656944 34.286667)
825,May,Kentucky,Grayson County,6.7,104659,2404,Point(-85.0 37.5)
826,December,Iowa,Grundy County,3.7,145746,7583,Point(-93.0 42.0)
827,August,Virginia,Dickenson County,10,110862,1272,Point(-79.0 37.5)
828,April,Tennessee,Lake County,7.8,109247,1492,Point(-86.0 36.0)
829,December,Texas,Pecos County,5,696241,1090,Point(-100.0 31.0)
830,December,South Dakota,Lincoln County,2,199729,2280,Point(-100.0 44.5)
831,February,Kentucky,Elliott County,12.2,104659,577,Point(-85.0 37.5)
832,August,Virginia,Orange County,4.3,110862,1077,Point(-79.0 37.5)
833,November,Nebraska,Dundy County,1.9,200520,1571,Point(-100.0 41.5)
834,June,North Carolina,Chatham County,5.2,139390,8653,Point(-80.0 35.5)
835,January,Missouri,Howell County,6.9,181533,1068,Point(-92.5 38.5)
836,June,Minnesota,Itasca County,6.2,225163,13297,Point(-94.0 46.0)
837,May,Tennessee,Dickson County,5.7,109247,1027,Point(-86.0 36.0)
838,August,Nebraska,Nuckolls County,2.3,200520,2570,Point(-100.0 41.5)
839,December,Kentucky,Mercer County,5.3,104659,9670,Point(-85.0 37.5)
840,October,Texas,Bee County,6.5,696241,2318,Point(-100.0 31.0)
841,April,South Dakota,Walworth County,5.4,199729,1209,Point(-100.0 44.5)
842,August,Ohio,Paulding County,4.3,116096,1234,Point(-82.5 40.5)
843,May,Minnesota,Hennepin County,3.3,225163,1790,Point(-94.0 46.0)
844,June,Colorado,Mesa County,6.1,269837,521,Point(-105.5 39.0)
845,October,Virginia,Spotsylvania County,4.2,110862,662,Point(-79.0 37.5)
846,April,Nevada,Douglas County,7.4,286380,1345,Point(-117.0 39.0)
847,September,Colorado,Clear Creek County,3.1,269837,1983,Point(-105.5 39.0)
848,July,Arkansas,Carroll County,4.5,137733,1485,Point(-92.2 34.8)
849,May,Montana,Valley County,2.6,381154,2636,Point(-110.0 47.0)
850,May,South Dakota,Hutchinson County,2.5,199729,3152,Point(-100.0 44.5)
851,September,Oklahoma,Cherokee County,4.6,181195,5491,Point(-98.0 35.5)
852,May,Missouri,Daviess County,5,181533,2334,Point(-92.5 38.5)
853,December,Massachusetts,Bristol County,5.7,27336,2053,Point(-71.8 42.3)
854,February,Connecticut,Windham County,7.5,14357,3027,Point(-72.7 41.6)
855,July,Kentucky,Estill County,6.4,104659,583,Point(-85.0 37.5)
856,January,Alabama,Macon County,8.3,135765,3152,Point(-86.7 32.7)
857,March,Louisiana,Allen Parish,7.1,135382,583,Point(-92.0 31.0)
858,December,Iowa,Mahaska County,3.6,145746,2300,Point(-93.0 42.0)
859,August,Texas,Lamb County,9.4,696241,1895,Point(-100.0 31.0)
860,April,Kentucky,Cumberland County,5.6,104659,1110,Point(-85.0 37.5)
861,August,Idaho,Bingham County,4.2,216699,1475,Point(-114.0 45.0)
862,May,Texas,Callahan County,4.1,696241,1544,Point(-100.0 31.0)
863,February,Texas,Hopkins County,4.4,696241,1864,Point(-100.0 31.0)
864,October,New Mexico,Bernalillo County,5.8,315194,2061,Point(-106.0 34.0)
865,October,Texas,Wilson County,3.9,696241,1250,Point(-100.0 31.0)
866,November,North Carolina,Cumberland County,7,139390,1340,Point(-80.0 35.5)
867,September,Tennessee,Wilson County,4.6,109247,3054,Point(-86.0 36.0)
868,February,Wisconsin,Langlade County,7.6,169640,2320,Point(-89.5 44.5)
869,April,Mississippi,Amite County,6.6,125443,2072,Point(-90.0 33.0)
870,September,North Carolina,Caswell County,5.9,139390,2446,Point(-80.0 35.5)
871,August,Iowa,Palo Alto County,2.9,145746,3456,Point(-93.0 42.0)
872,July,Kentucky,Hardin County,5.3,104659,1866,Point(-85.0 37.5)
873,September,Oklahoma,Murray County,4.2,181195,1023,Point(-98.0 35.5)
874,January,Oklahoma,Johnston County,7,181195,6816,Point(-98.0 35.5)
875,September,Illinois,Effingham County,4.4,149998,3548,Point(-89.0 40.0)
876,June,Washington,Island County,5.8,177,1312,Point(-77.036666666 38.895)
877,February,Oklahoma,Texas County,3.3,181195,5222,Point(-98.0 35.5)
878,June,Texas,Bastrop County,4.4,696241,1502,Point(-100.0 31.0)
879,November,Texas,Yoakum County,3.8,696241,5891,Point(-100.0 31.0)
880,November,Connecticut,Litchfield County,4.4,14357,2259,Point(-72.7 41.6)
881,August,Texas,Dimmit County,5.6,696241,8430,Point(-100.0 31.0)
882,March,Kansas,Republic County,3.2,213100,3604,Point(-98.0 38.5)
883,March,Missouri,Henry County,6.2,181533,1862,Point(-92.5 38.5)
884,January,Montana,Gallatin County,3.6,381154,1379,Point(-110.0 47.0)
885,July,Mississippi,Adams County,9,125443,1879,Point(-90.0 33.0)
886,November,South Carolina,Edgefield County,6.2,82931,5174,Point(-81.0 34.0)
887,October,Kansas,Lyon County,3.5,213100,3139,Point(-98.0 38.5)
888,August,Iowa,Keokuk County,3.9,145746,1566,Point(-93.0 42.0)
889,April,California,Tuolumne County,7.2,423970,267,Point(-120.0 37.0)
890,November,Maryland,Kent County,5.1,32133,3097,Point(-76.7 39.0)
891,December,Colorado,Washington County,2,269837,11731,Point(-105.5 39.0)
892,July,California,Kings County,9.7,423970,3885,Point(-120.0 37.0)
893,July,Tennessee,Lauderdale County,9.1,109247,2557,Point(-86.0 36.0)
894,July,Virginia,Caroline County,5,110862,20955,Point(-79.0 37.5)
895,September,Mississippi,Pontotoc County,5.3,125443,1983,Point(-90.0 33.0)
896,May,Arkansas,Polk County,6.4,137733,5983,Point(-92.2 34.8)
897,October,North Carolina,Lee County,6.9,139390,1036,Point(-80.0 35.5)
898,November,Alabama,Autauga County,4.9,135765,2988,Point(-86.7 32.7)
899,September,Iowa,Worth County,3.1,145746,2333,Point(-93.0 42.0)
900,February,Virginia,Norfolk City,6.1,110862,8030,Point(-79.0 37.5)
901,April,New Jersey,Sussex County,5.4,22591.4,3152,Point(-74.5 40.0)
902,September,New Mexico,Grant County,6.3,315194,1209,Point(-106.0 34.0)
903,November,Kansas,Chautauqua County,5.6,213100,13489,Point(-98.0 38.5)
904,June,North Dakota,Renville County,3.6,183108,2413,Point(-100.5 47.5)
905,August,Indiana,Clark County,4.2,94321,2722,Point(-86.216666666 39.933333333)
906,October,Utah,Piute County,5.7,219653,2238,Point(-111.5 39.5)
907,October,Iowa,Linn County,3.2,145746,8430,Point(-93.0 42.0)
908,October,Virginia,Westmoreland County,4.5,110862,2439,Point(-79.0 37.5)
909,August,Pennsylvania,Clearfield County,6,119283,4344,Point(-77.5 41.0)
910,April,Texas,Glasscock County,2.1,696241,2328,Point(-100.0 31.0)
911,January,Idaho,Elmore County,5.7,216699,3207,Point(-114.0 45.0)
912,August,Illinois,Cumberland County,5.3,149998,2390,Point(-89.0 40.0)
913,November,North Carolina,Cherokee County,6,139390,1417,Point(-80.0 35.5)
914,October,Washington,Garfield County,5.5,177,1933,Point(-77.036666666 38.895)
915,June,Virginia,Franklin City,7,110862,5710,Point(-79.0 37.5)
916,July,Illinois,Warren County,5.7,149998,807.76,Point(-89.0 40.0)
917,March,Kentucky,Mason County,6.2,104659,571,Point(-85.0 37.5)
918,August,North Dakota,Ransom County,2,183108,6948,Point(-100.5 47.5)
919,October,Ohio,Washington County,5.7,116096,26488,Point(-82.5 40.5)
920,October,Iowa,Pocahontas County,2.4,145746,1649,Point(-93.0 42.0)
921,June,California,Butte County,7.3,423970,1706,Point(-120.0 37.0)
922,December,Texas,Cooke County,3.7,696241,1638,Point(-100.0 31.0)
923,October,Wisconsin,Dane County,2.8,169640,3743,Point(-89.5 44.5)
924,May,South Carolina,Beaufort County,5.6,82931,2132,Point(-81.0 34.0)
925,December,Missouri,Dunklin County,6.9,181533,6988,Point(-92.5 38.5)
926,October,Nebraska,Banner County,2.6,200520,1731,Point(-100.0 41.5)
927,January,New Mexico,Taos County,10,315194,1386,Point(-106.0 34.0)
928,July,Vermont,Addison County,3.7,24923,2027,Point(-72.7 44.0)
929,August,Mississippi,Clay County,8.7,125443,1516,Point(-90.0 33.0)
930,December,Montana,McCone County,1.9,381154,1154,Point(-110.0 47.0)
931,December,California,Inyo County,5.8,423970,12998,Point(-120.0 37.0)
932,October,South Dakota,Deuel County,3.2,199729,2679,Point(-100.0 44.5)
933,March,Louisiana,Jefferson Davis Parish,6.3,135382,11731,Point(-92.0 31.0)
934,May,North Carolina,Chatham County,5,139390,6253,Point(-80.0 35.5)
935,November,Minnesota,Becker County,3.9,225163,1218,Point(-94.0 46.0)
936,June,Indiana,Newton County,5.2,94321,9364,Point(-86.216666666 39.933333333)
937,September,Minnesota,Chippewa County,3.3,225163,4964,Point(-94.0 46.0)
938,March,Kentucky,Fayette County,4.1,104659,1731,Point(-85.0 37.5)
939,October,Ohio,Columbiana County,5.4,116096,1235,Point(-82.5 40.5)
940,December,Pennsylvania,Schuylkill County,4.8,119283,3699,Point(-77.5 41.0)
941,July,Kentucky,Livingston County,7.6,104659,2320,Point(-85.0 37.5)
942,June,Kentucky,Casey County,6,104659,2030,Point(-85.0 37.5)
943,April,Montana,Big Horn County,6.5,381154,6935,Point(-110.0 47.0)
944,August,Maryland,Allegany County,7,32133,3132,Point(-76.7 39.0)
945,December,Indiana,Grant County,5.1,94321,3244,Point(-86.216666666 39.933333333)
946,September,Nebraska,Cass County,2.9,200520,637,Point(-100.0 41.5)
947,April,Alabama,Butler County,7.1,135765,1637,Point(-86.7 32.7)
948,November,California,San Luis Obispo County,4.5,423970,2582,Point(-120.0 37.0)
949,October,New York,Essex County,4.9,1214,6297,Point(-73.94 40.67)
950,May,Kentucky,Fayette County,4.1,104659,2087,Point(-85.0 37.5)
951,March,Virginia,Russell County,6.9,110862,864,Point(-79.0 37.5)
952,January,Montana,Wheatland County,7,381154,1826,Point(-110.0 47.0)
953,April,Texas,Bastrop County,3.5,696241,1303,Point(-100.0 31.0)
954,December,Tennessee,Shelby County,6.1,109247,1523,Point(-86.0 36.0)
955,July,New Mexico,Harding County,9.7,315194,2517,Point(-106.0 34.0)
956,April,Utah,Wasatch County,3.5,219653,1385,Point(-111.5 39.5)
957,November,Iowa,Clarke County,3.4,145746,2350,Point(-93.0 42.0)
958,November,Wisconsin,Waushara County,5.7,169640,1616,Point(-89.5 44.5)
959,February,Mississippi,Winston County,8.3,125443,6290,Point(-90.0 33.0)
960,February,Missouri,Sullivan County,7.7,181533,2911,Point(-92.5 38.5)
961,November,Missouri,Dade County,4.2,181533,3203,Point(-92.5 38.5)
962,May,South Carolina,Chesterfield County,6.2,82931,1228,Point(-81.0 34.0)
963,December,Virginia,Appomattox County,4.4,110862,556,Point(-79.0 37.5)
964,February,Texas,Panola County,4.5,696241,980,Point(-100.0 31.0)
965,January,Illinois,Boone County,7.9,149998,4442,Point(-89.0 40.0)
966,September,Maryland,Anne Arundel County,4.4,32133,3221,Point(-76.7 39.0)
967,May,North Carolina,Jones County,6.1,139390,27549,Point(-80.0 35.5)
968,February,Kentucky,Fulton County,7.2,104659,1180,Point(-85.0 37.5)
969,December,Texas,Scurry County,4.3,696241,657,Point(-100.0 31.0)
970,February,Alabama,Greene County,11.5,135765,3169,Point(-86.7 32.7)
971,March,Louisiana,Plaquemines Parish,5.9,135382,653,Point(-92.0 31.0)
972,January,Alabama,Jefferson County,5.9,135765,3688,Point(-86.7 32.7)
973,September,Tennessee,Houston County,8.4,109247,754,Point(-86.0 36.0)
974,September,North Carolina,Caldwell County,5.8,139390,1952,Point(-80.0 35.5)
975,October,Missouri,Webster County,4.1,181533,1968,Point(-92.5 38.5)
976,March,Indiana,Jennings County,6.1,94321,887,Point(-86.216666666 39.933333333)
977,July,Texas,Wheeler County,4.5,696241,4126,Point(-100.0 31.0)
978,August,Pennsylvania,Lycoming County,5.7,119283,986,Point(-77.5 41.0)
979,March,Washington,Lincoln County,6.3,177,1223,Point(-77.036666666 38.895)
980,February,Louisiana,East Feliciana Parish,6.6,135382,3178,Point(-92.0 31.0)
981,October,Iowa,Howard County,2.9,145746,420.98,Point(-93.0 42.0)
982,October,Washington,Pacific County,8.4,177,2584,Point(-77.036666666 38.895)
983,September,Virginia,Mathews County,4,110862,1442,Point(-79.0 37.5)
984,July,North Carolina,Hyde County,6.8,139390,2142,Point(-80.0 35.5)
985,June,Kentucky,Metcalfe County,5.1,104659,1313,Point(-85.0 37.5)
986,February,Texas,Karnes County,3.5,696241,1337,Point(-100.0 31.0)
987,June,Pennsylvania,Chester County,4,119283,6253,Point(-77.5 41.0)
988,August,Mississippi,Perry County,7.6,125443,1795,Point(-90.0 33.0)
989,January,Colorado,Huerfano County,10.7,269837,4361,Point(-105.5 39.0)
990,September,North Carolina,Transylvania County,5,139390,1090,Point(-80.0 35.5)
991,February,Louisiana,Lincoln Parish,7.3,135382,5307,Point(-92.0 31.0)
992,December,Pennsylvania,Erie County,4.5,119283,6216,Point(-77.5 41.0)
993,December,Indiana,Wabash County,4.4,94321,916,Point(-86.216666666 39.933333333)
994,September,Ohio,Champaign County,3.9,116096,2233,Point(-82.5 40.5)
995,June,Mississippi,Humphreys County,13.8,125443,584,Point(-90.0 33.0)
996,August,West Virginia,Putnam County,5.5,62755,9679,Point(-80.5 39.0)
997,September,Kansas,Montgomery County,6.2,213100,10812,Point(-98.0 38.5)
998,February,Kansas,Rice County,3.6,213100,2650,Point(-98.0 38.5)
999,June,Missouri,Cass County,5.1,181533,2693,Point(-92.5 38.5)
1000,October,Iowa,Monona County,3.3,145746,1877,Point(-93.0 42.0)
1001,July,Washington,Skamania County,6.9,177,2353,Point(-77.036666666 38.895)
1002,January,Illinois,Mercer County,8,149998,6089,Point(-89.0 40.0)
1003,January,Ohio,Morrow County,6.4,116096,1510,Point(-82.5 40.5)
1004,November,Wyoming,Weston County,3,253348,8369,Point(-107.5 43.0)
1005,April,Virginia,Prince Edward County,5.8,110862,2153,Point(-79.0 37.5)
1006,January,Nebraska,Fillmore County,2.8,200520,5307,Point(-100.0 41.5)
1007,December,Texas,Williamson County,3.1,696241,3743,Point(-100.0 31.0)
1008,December,Arkansas,Monroe County,6,137733,18874,Point(-92.2 34.8)
1009,August,Kentucky,Johnson County,8.2,104659,1849,Point(-85.0 37.5)
1010,November,Texas,Travis County,3.1,696241,1790,Point(-100.0 31.0)
1011,September,Illinois,Randolph County,5.3,149998,11047,Point(-89.0 40.0)
1012,May,Kansas,Franklin County,4.7,213100,1661,Point(-98.0 38.5)
1013,August,Texas,Hockley County,4.6,696241,1655,Point(-100.0 31.0)
1014,April,Mississippi,Hancock County,5.8,125443,807.76,Point(-90.0 33.0)
1015,April,Minnesota,Mahnomen County,5.3,225163,2053,Point(-94.0 46.0)
1016,September,Oregon,Umatilla County,5.2,255026,2328,Point(-120.575 43.935833)
1017,December,Oregon,Sherman County,5.9,255026,2818,Point(-120.575 43.935833)
1018,September,Ohio,Morrow County,4.4,116096,4336,Point(-82.5 40.5)
1019,June,Minnesota,Becker County,4.1,225163,986,Point(-94.0 46.0)
1020,December,Utah,Tooele County,3.5,219653,2413,Point(-111.5 39.5)
1021,August,Texas,Lampasas County,4.4,696241,1171,Point(-100.0 31.0)
1022,July,Massachusetts,Bristol County,6.4,27336,1488,Point(-71.8 42.3)
1023,November,Wyoming,Converse County,3.7,253348,27549,Point(-107.5 43.0)
1024,April,Louisiana,Tensas Parish,9.7,135382,21648,Point(-92.0 31.0)
1025,September,Wisconsin,Lafayette County,3.2,169640,9679,Point(-89.5 44.5)
1026,September,Vermont,Addison County,3.6,24923,4235,Point(-72.7 44.0)
1027,March,Texas,Hopkins County,4.3,696241,6310,Point(-100.0 31.0)
1028,April,New York,Chenango County,5.8,1214,1440,Point(-73.94 40.67)
1029,January,Texas,Bell County,5.3,696241,2043,Point(-100.0 31.0)
1030,March,Montana,Petroleum County,7.7,381154,1345,Point(-110.0 47.0)
1031,December,North Carolina,Transylvania County,5.3,139390,2345,Point(-80.0 35.5)
1032,May,Indiana,Warren County,5,94321,2911,Point(-86.216666666 39.933333333)
1033,November,Virginia,Smyth County,5.6,110862,162,Point(-79.0 37.5)
1034,March,North Dakota,McIntosh County,4,183108,1583,Point(-100.5 47.5)
1035,May,Washington,Lincoln County,5.5,177,12305,Point(-77.036666666 38.895)
1036,February,Oregon,Lake County,10.3,255026,1877,Point(-120.575 43.935833)
1037,December,Ohio,Monroe County,10.9,116096,11731,Point(-82.5 40.5)
1038,June,Illinois,Cook County,6.4,149998,3728,Point(-89.0 40.0)
1039,November,West Virginia,Lewis County,7.9,62755,3699,Point(-80.5 39.0)
1040,November,Nebraska,Richardson County,2.6,200520,3216,Point(-100.0 41.5)
1041,July,Arkansas,Pike County,7.2,137733,583,Point(-92.2 34.8)
1042,February,Missouri,Macon County,7,181533,2528,Point(-92.5 38.5)
1043,August,Louisiana,Union Parish,6.9,135382,4682,Point(-92.0 31.0)
1044,March,New York,Jefferson County,8.4,1214,1769,Point(-73.94 40.67)
1045,January,New Jersey,Hudson County,6.2,22591.4,714,Point(-74.5 40.0)
1046,February,Virginia,Giles County,5.6,110862,3456,Point(-79.0 37.5)
1047,January,Colorado,Moffat County,6.1,269837,11652,Point(-105.5 39.0)
1048,March,Washington,Franklin County,8.4,177,27549,Point(-77.036666666 38.895)
1049,July,Kentucky,Grant County,5.4,104659,3472,Point(-85.0 37.5)
1050,January,North Dakota,Benson County,7.2,183108,1218,Point(-100.5 47.5)
1051,November,Montana,Wheatland County,5.9,381154,2584,Point(-110.0 47.0)
1052,April,Texas,Upton County,3.4,696241,1877,Point(-100.0 31.0)
1053,November,North Carolina,Wilson County,9,139390,4968,Point(-80.0 35.5)
1054,October,Kentucky,Harrison County,4.2,104659,1207,Point(-85.0 37.5)
1055,November,New York,Hamilton County,8.7,1214,1619,Point(-73.94 40.67)
1056,September,Pennsylvania,Venango County,5.5,119283,3703,Point(-77.5 41.0)
1057,July,Minnesota,Wright County,3.4,225163,1293,Point(-94.0 46.0)
1058,May,Texas,Medina County,4.3,696241,1828,Point(-100.0 31.0)
1059,September,Utah,Uintah County,6.7,219653,28.51022,Point(-111.5 39.5)
1060,March,Mississippi,Lincoln County,5.6,125443,1060,Point(-90.0 33.0)
1061,March,North Carolina,Carteret County,6.3,139390,750,Point(-80.0 35.5)
1062,December,Kansas,Butler County,3.7,213100,8430,Point(-98.0 38.5)
1063,August,Illinois,Champaign County,5.4,149998,404,Point(-89.0 40.0)
1064,February,Texas,Franklin County,4.7,696241,10872,Point(-100.0 31.0)
1065,October,Utah,Sevier County,3.8,219653,1655,Point(-111.5 39.5)
1066,November,Minnesota,Pipestone County,2.4,225163,1922,Point(-94.0 46.0)
1067,March,Oklahoma,Haskell County,7.5,181195,1802,Point(-98.0 35.5)
1068,January,Nebraska,Morrill County,3.5,200520,1944,Point(-100.0 41.5)
1069,September,Indiana,Gibson County,3.3,94321,1448,Point(-86.216666666 39.933333333)
1070,May,Texas,Moore County,3.1,696241,1692,Point(-100.0 31.0)
1071,August,Virginia,Martinsville City,9.2,110862,1759,Point(-79.0 37.5)
1072,May,Indiana,Bartholomew County,3.6,94321,2413,Point(-86.216666666 39.933333333)
1073,December,North Carolina,Pasquotank County,7.1,139390,2720,Point(-80.0 35.5)
1074,July,Pennsylvania,Washington County,5.8,119283,2511,Point(-77.5 41.0)
1075,February,Mississippi,Walthall County,8.3,125443,11835,Point(-90.0 33.0)
1076,November,North Dakota,Eddy County,3.2,183108,657,Point(-100.5 47.5)
1077,November,Missouri,Lafayette County,3.5,181533,1421,Point(-92.5 38.5)
1078,March,Wisconsin,Trempealeau County,4.9,169640,2082,Point(-89.5 44.5)
1079,August,South Carolina,Clarendon County,7.7,82931,1082,Point(-81.0 34.0)
1080,July,Connecticut,Hartford County,6.1,14357,1916,Point(-72.7 41.6)
1081,June,Colorado,Teller County,4.6,269837,1510,Point(-105.5 39.0)
1082,June,Kansas,Labette County,6.5,213100,5761,Point(-98.0 38.5)
1083,May,Indiana,Benton County,4.6,94321,1869,Point(-86.216666666 39.933333333)
1084,January,Pennsylvania,Warren County,5.8,119283,2142,Point(-77.5 41.0)
1085,December,Virginia,Brunswick County,6.1,110862,1933,Point(-79.0 37.5)
1086,October,Iowa,Jasper County,3.2,145746,12786,Point(-93.0 42.0)
1087,January,Idaho,Lemhi County,10.2,216699,1405,Point(-114.0 45.0)
1088,July,Arkansas,Howard County,4.9,137733,4204,Point(-92.2 34.8)
1089,October,Virginia,Alexandria City,3,110862,1173,Point(-79.0 37.5)
1090,August,Alabama,Etowah County,6.5,135765,1602,Point(-86.7 32.7)
1091,September,Wisconsin,Florence County,5.7,169640,2975,Point(-89.5 44.5)
1092,July,Virginia,Bristol City,5.7,110862,143,Point(-79.0 37.5)
1093,February,Ohio,Noble County,7.7,116096,6310,Point(-82.5 40.5)
1094,October,Arkansas,Ouachita County,5.5,137733,893,Point(-92.2 34.8)
1095,February,Minnesota,Mahnomen County,6.5,225163,893,Point(-94.0 46.0)
1096,May,Washington,Grays Harbor County,9.2,177,3685,Point(-77.036666666 38.895)
1097,March,Nebraska,Hooker County,5.7,200520,6683,Point(-100.0 41.5)
1098,February,Indiana,Putnam County,6.1,94321,15734,Point(-86.216666666 39.933333333)
1099,July,Nebraska,Banner County,3.3,200520,8430,Point(-100.0 41.5)
1100,June,Idaho,Custer County,5.1,216699,1247,Point(-114.0 45.0)
1101,March,Colorado,Ouray County,5.5,269837,1498,Point(-105.5 39.0)
1102,September,Montana,Fallon County,2.2,381154,1868,Point(-110.0 47.0)
1103,June,New York,Nassau County,4.4,1214,2693,Point(-73.94 40.67)
1104,October,Illinois,Jo Daviess County,5.2,149998,6334,Point(-89.0 40.0)
1105,July,Colorado,Delta County,5.5,269837,1862,Point(-105.5 39.0)
1106,February,Pennsylvania,Philadelphia County,7.3,119283,1381,Point(-77.5 41.0)
1107,March,New York,Lewis County,9.3,1214,1313,Point(-73.94 40.67)
1108,August,Kansas,Decatur County,3.6,213100,10872,Point(-98.0 38.5)
1109,May,Indiana,Decatur County,4,94321,1616,Point(-86.216666666 39.933333333)
1110,September,Oklahoma,Pushmataha County,6.7,181195,1861,Point(-98.0 35.5)
1111,September,Idaho,Cassia County,3,216699,1544,Point(-114.0 45.0)
1112,March,New York,Bronx County,8.3,1214,2718,Point(-73.94 40.67)
1113,December,New Mexico,Chaves County,6,315194,6714,Point(-106.0 34.0)
1114,December,Minnesota,Washington County,2.9,225163,1.876338,Point(-94.0 46.0)
1115,August,Texas,Morris County,9.6,696241,2895,Point(-100.0 31.0)
1116,June,Iowa,Sac County,3.3,145746,4679,Point(-93.0 42.0)
1117,December,Vermont,Orleans County,5.5,24923,2718,Point(-72.7 44.0)
1118,April,Indiana,Randolph County,4.7,94321,1313,Point(-86.216666666 39.933333333)
1119,September,Oklahoma,Dewey County,3.2,181195,2004,Point(-98.0 35.5)
1120,June,Alabama,Lauderdale County,7.7,135765,1877,Point(-86.7 32.7)
1121,November,Kansas,Scott County,2.5,213100,1023,Point(-98.0 38.5)
1122,December,Iowa,Montgomery County,3.4,145746,1272,Point(-93.0 42.0)
1123,March,New Mexico,Eddy County,4.8,315194,604,Point(-106.0 34.0)
1124,November,Indiana,Greene County,6.2,94321,13489,Point(-86.216666666 39.933333333)
1125,November,West Virginia,Calhoun County,12.2,62755,526,Point(-80.5 39.0)
1126,January,Iowa,Hardin County,5.3,145746,3600,Point(-93.0 42.0)
1127,May,Idaho,Bear Lake County,3.8,216699,1832,Point(-114.0 45.0)
1128,May,Pennsylvania,Beaver County,6.3,119283,8672,Point(-77.5 41.0)
1129,February,Virginia,Chesapeake City,5,110862,1069,Point(-79.0 37.5)
1130,February,Pennsylvania,Clinton County,7.5,119283,1695,Point(-77.5 41.0)
1131,July,North Dakota,Pierce County,3.2,183108,577,Point(-100.5 47.5)
1132,October,Idaho,Bear Lake County,3.6,216699,2807,Point(-114.0 45.0)
1133,September,Arkansas,Montgomery County,6.4,137733,27549,Point(-92.2 34.8)
1134,October,Texas,Falls County,4.1,696241,9679,Point(-100.0 31.0)
1135,December,Texas,Franklin County,4.9,696241,990,Point(-100.0 31.0)
1136,June,Virginia,Henry County,6.7,110862,6334,Point(-79.0 37.5)
1137,June,Tennessee,Dickson County,6,109247,541,Point(-86.0 36.0)
1138,December,North Carolina,Chowan County,6.7,139390,1523,Point(-80.0 35.5)
1139,September,Colorado,Garfield County,3.3,269837,313,Point(-105.5 39.0)
1140,February,Texas,Camp County,5.4,696241,7257,Point(-100.0 31.0)
1141,December,Minnesota,Stearns County,3.5,225163,2895,Point(-94.0 46.0)
1142,March,Mississippi,Sunflower County,10.9,125443,2985,Point(-90.0 33.0)
1143,May,Montana,Carter County,2.7,381154,1430,Point(-110.0 47.0)
1144,August,North Carolina,Forsyth County,5.8,139390,1071,Point(-80.0 35.5)
1145,October,Kansas,Coffey County,5.3,213100,6146,Point(-98.0 38.5)
1146,November,South Dakota,Walworth County,4.7,199729,1720,Point(-100.0 44.5)
1147,January,Kansas,Comanche County,2.7,213100,1104,Point(-98.0 38.5)
1148,June,North Carolina,Lincoln County,5.9,139390,1060,Point(-80.0 35.5)
1149,November,Virginia,Virginia Beach City,3.9,110862,1813,Point(-79.0 37.5)
1150,December,Missouri,Monroe County,4.4,181533,2413,Point(-92.5 38.5)
1151,January,Virginia,Manassas Park City,4.8,110862,14294,Point(-79.0 37.5)
1152,February,Virginia,Culpeper County,5.1,110862,2465,Point(-79.0 37.5)
1153,July,South Dakota,Dewey County,16.4,199729,1531,Point(-100.0 44.5)
1154,January,Kentucky,Bracken County,8.3,104659,5280,Point(-85.0 37.5)
1155,November,Maryland,Anne Arundel County,4.2,32133,571,Point(-76.7 39.0)
1156,September,North Carolina,Yancey County,5.2,139390,27549,Point(-80.0 35.5)
1157,July,Tennessee,Jackson County,8.5,109247,1819,Point(-86.0 36.0)
1158,August,Missouri,Clinton County,4.9,181533,2614,Point(-92.5 38.5)
1159,December,South Carolina,Greenwood County,5.3,82931,1490,Point(-81.0 34.0)
1160,December,Kansas,Thomas County,2.5,213100,11267,Point(-98.0 38.5)
1161,March,North Carolina,Catawba County,5.4,139390,2238,Point(-80.0 35.5)
1162,February,New York,Suffolk County,5.7,1214,1700,Point(-73.94 40.67)
1163,October,Arkansas,Faulkner County,4.1,137733,1299,Point(-92.2 34.8)
1164,October,Ohio,Preble County,4.3,116096,1020,Point(-82.5 40.5)
1165,September,Mississippi,Jefferson Davis County,8,125443,579,Point(-90.0 33.0)
1166,January,Texas,Real County,5.9,696241,5516,Point(-100.0 31.0)
1167,August,Pennsylvania,Warren County,4.8,119283,2693,Point(-77.5 41.0)
1168,January,Arizona,Yuma County,19.3,295234,5941,Point(-111.656944 34.286667)
1169,October,Oklahoma,Ellis County,3.9,181195,1338,Point(-98.0 35.5)
1170,November,Texas,Brazos County,3.2,696241,5174,Point(-100.0 31.0)
1171,June,Illinois,Union County,7.6,149998,1616,Point(-89.0 40.0)
1172,August,Illinois,Clay County,6.9,149998,1400,Point(-89.0 40.0)
1173,May,Nevada,Lincoln County,5.8,286380,9331,Point(-117.0 39.0)
1174,July,Oklahoma,Okmulgee County,6.4,181195,1127,Point(-98.0 35.5)
1175,December,Kansas,Sedgwick County,4.1,213100,2226,Point(-98.0 38.5)
1176,October,Nebraska,Thayer County,2.4,200520,7226,Point(-100.0 41.5)
1177,November,Montana,Fergus County,3.8,381154,10607,Point(-110.0 47.0)
1178,June,North Dakota,Dunn County,2.4,183108,2958,Point(-100.5 47.5)
1179,February,Texas,Austin County,4.1,696241,1074,Point(-100.0 31.0)
1180,May,New York,Cortland County,5.5,1214,2153,Point(-73.94 40.67)
1181,January,South Carolina,McCormick County,8.9,82931,6623,Point(-81.0 34.0)
1182,September,Virginia,Lynchburg City,5,110862,,Point(-79.0 37.5)
1183,May,Indiana,Switzerland County,4.9,94321,,Point(-86.216666666 39.933333333)
1184,June,Texas,El Paso County,5.6,696241,,Point(-100.0 31.0)
1185,March,North Carolina,Randolph County,5.6,139390,,Point(-80.0 35.5)
1186,May,Ohio,Ashland County,4.8,116096,,Point(-82.5 40.5)
1187,August,Michigan,Gladwin County,6,250493,,Point(-85.58 44.34)
1188,July,Missouri,Polk County,6.2,181533,,Point(-92.5 38.5)
1189,February,Ohio,Greene County,4.8,116096,,Point(-82.5 40.5)
1190,July,Louisiana,Caldwell Parish,8.4,135382,,Point(-92.0 31.0)
1191,August,Ohio,Madison County,3.5,116096,,Point(-82.5 40.5)
1192,July,Indiana,Dubois County,3.4,94321,,Point(-86.216666666 39.933333333)
1193,May,Texas,Van Zandt County,4.5,696241,,Point(-100.0 31.0)
1194,September,Montana,Sanders County,6.7,381154,,Point(-110.0 47.0)
1195,October,Pennsylvania,Somerset County,5.4,119283,,Point(-77.5 41.0)
1196,September,Indiana,Knox County,4.1,94321,,Point(-86.216666666 39.933333333)
1197,August,Pennsylvania,Mifflin County,5.5,119283,,Point(-77.5 41.0)
1198,March,Nebraska,Sherman County,3,200520,,Point(-100.0 41.5)
1199,January,Colorado,Baca County,2.5,269837,,Point(-105.5 39.0)