,d3mIndex,RegionName,ZoneName,WoredaName,Year,Epidemic_Week,Month,Total Malaria Confirmed and Clinical,TMalaria_OutP_Cases,TMalaria_InP_Cases,TMalaria_InP_Deaths,TMSuspected Fever Examined,PosMalaria_RDT_or_Microscopy_PF_OutP_Cases,PosMalaria_RDT_or_Microscopy_PV_OutP_Cases,Meningits total Cases,Meningitis_OutP_Cases,Meningitis_InP_Cases,Meningitis_InP_Deaths,Dysentery_total Cases,Dysentery_OutP_Cases,Dysentery_InP_Cases,Dysentery_InP_Deaths,Typhoid fever Total cases,Typhoid fever_OutP_Cases,Typhoid fever_InP_Cases,Typhoid fever_InP_Deaths,Relapsing fever_total Cases,Relapsing fever_OutP_Cases,Relapsing fever_InP_Cases,Relapsing fever_InP_Deaths,Epidemic Typhus Total Cases,Epidemic Typhus_OutP_Cases,Epidemic Typhus_InP_Cases,Epidemic Typhus_InP_Deaths,Malnutrition_total Cases,Malnutrition_OutP_Cases,Malnutrition_InP_Cases,Malnutrition_InP_Deaths,Scabies_OutP_Cases,Scabies_InP_Cases,Scabies_InP_Deaths,AFP/Polio_Cases,AFP/Polio_Deaths,Anthrax_Cases,Anthrax_Deaths,Avian_Human_Influenza_Cases,Avian_Human_Influenza_Deaths,Cholera/AWD_Cases,Cholera/AWD_Deaths,Dracunculiasis/Guinea worm_Cases,Dracunculiasis/Guinea worm_Deaths,Measles_Cases,Measles_Deaths,Neonatal Tetanus_Cases,Neonatal Tetanus_Deaths,Pandemic Influenza_Cases,Pandemic Influenza_Deaths,Rabies_Cases,Rabies_Deaths,SARS_Cases,SARS_Deaths,Small pox_Cases,Small pox_Deaths,Viral hemorrhagic fever_Cases,Viral hemorrhagic fever_Deaths,Yellow fever_Cases,Yellow fever_Deaths,Maternal_Death,Other 1_sc,Other 1_Cases,Other 1_Deaths,Other 2_Name,Other 2_Cases,Other 2_Deaths,Other 3_Name,Other 3_Cases,Other 3_Deaths,No-of-Gov_HPs-expected-by-RHB,No-of-Gov_HCs-expected-by-RHB,No-of-Gov_Hosps-expected-by-RHB,No-of-NGOHF-expected-by-RHB,No-of-OtherHFs-expected-by-RHB,No-of-Gov_HPs-Reported,No-of-Gov_HCs-Reported,No-of-Gov_Hosps-Reported,No-of-NGOHFs-Reported,No-of-OthersHF-Reported,All-Total-sites-Reported,All-Total-sites-Expected-by-RHB,Total-Gov-sites-Reported,Date_Sent,Date_Received,Date_WeekExpected,Timeliness,EthiopianMonth,EthMonNum,EthYear
39977,39977,SNNPR,Gurage,Butajira Town,2017,42,October,0,0.0,0.0,0.0,53.0,0.0,0.0,0,0.0,0.0,0.0,9,9.0,0.0,0.0,90,90.0,0.0,0.0,0,0.0,0.0,0.0,7,7.0,0.0,0.0,5,5.0,0.0,0.0,,,,0.0,0.0,0.0,0.0,0.0,0.0,0.0,0.0,0.0,0.0,0.0,0.0,0.0,0.0,0.0,0.0,0.0,0.0,0.0,0.0,0.0,0.0,0.0,0.0,0.0,0.0,0.0,,0,0,,0,0,,0,0,0.0,1.0,0.0,0.0,0.0,0.0,1.0,0.0,0.0,0.0,1,1,1,26/10/17,26/10/17,10/27/17,T,Teqemt,2,2010
112579,112579,Amhara,South Gonder,Dera,2019,3,January,15,15.0,0.0,0.0,172.0,8.0,7.0,0,0.0,0.0,0.0,12,12.0,0.0,0.0,0,0.0,0.0,0.0,0,0.0,0.0,0.0,0,0.0,0.0,0.0,3,3.0,0.0,0.0,16.0,0.0,,0.0,0.0,0.0,0.0,,,0.0,0.0,0.0,0.0,0.0,0.0,0.0,0.0,0.0,0.0,0.0,0.0,0.0,0.0,0.0,0.0,0.0,0.0,0.0,0.0,0.0,,0,0,,0,0,,0,0,36.0,11.0,0.0,0.0,2.0,36.0,11.0,0.0,0.0,2.0,49,49,47,24/01/19,24/01/19,1/25/19,T,Tir,5,2011
58742,58742,Tigray,South East,Hintalo Wajirat,2018,7,February,3,3.0,0.0,0.0,124.0,2.0,1.0,0,0.0,0.0,0.0,11,11.0,0.0,0.0,4,4.0,0.0,0.0,0,0.0,0.0,0.0,0,0.0,0.0,0.0,1,1.0,0.0,0.0,0.0,,,0.0,0.0,0.0,0.0,,,0.0,0.0,0.0,0.0,0.0,0.0,0.0,0.0,0.0,0.0,2.0,0.0,0.0,0.0,0.0,0.0,0.0,0.0,0.0,0.0,0.0,,0,0,,0,0,,0,0,18.0,7.0,0.0,0.0,0.0,18.0,7.0,0.0,0.0,0.0,25,25,25,22/02/18,22/02/18,2/23/18,T,Yekatit,6,2010
118981,118981,Tigray,Eastern Tigray,Ganta Afeshum,2019,8,February,1,1.0,0.0,0.0,111.0,1.0,0.0,0,0.0,0.0,0.0,1,1.0,0.0,0.0,0,0.0,0.0,0.0,0,0.0,0.0,0.0,0,0.0,0.0,0.0,4,4.0,0.0,0.0,7.0,,,0.0,0.0,0.0,0.0,,,0.0,0.0,0.0,0.0,0.0,0.0,0.0,0.0,0.0,0.0,0.0,0.0,0.0,0.0,0.0,0.0,0.0,0.0,0.0,0.0,0.0,,0,0,,0,0,,0,0,15.0,6.0,0.0,0.0,0.0,15.0,6.0,0.0,0.0,0.0,21,21,21,1/3/19,1/3/19,3/1/19,T,Yekatit,6,2011
83099,83099,Oromia,Jimma,Kersa,2018,29,July,1,1.0,0.0,0.0,170.0,1.0,0.0,0,0.0,0.0,0.0,12,12.0,0.0,0.0,14,14.0,0.0,0.0,0,0.0,0.0,0.0,0,0.0,0.0,0.0,9,8.0,1.0,0.0,0.0,0.0,0.0,0.0,0.0,0.0,0.0,0.0,0.0,0.0,0.0,0.0,0.0,0.0,0.0,0.0,0.0,0.0,0.0,0.0,0.0,0.0,0.0,0.0,0.0,0.0,0.0,0.0,0.0,0.0,,0,0,,0,0,,0,0,30.0,7.0,0.0,0.0,0.0,30.0,7.0,0.0,0.0,0.0,37,37,37,26/07/18,26/07/18,7/27/18,T,Hamle,11,2010
118122,118122,Somali,Erar,Hamaro,2019,7,February,8,8.0,0.0,0.0,7.0,0.0,0.0,0,0.0,0.0,0.0,7,7.0,0.0,0.0,1,1.0,0.0,0.0,0,0.0,0.0,0.0,0,0.0,0.0,0.0,10,10.0,0.0,0.0,0.0,0.0,0.0,0.0,0.0,0.0,0.0,0.0,0.0,0.0,0.0,0.0,0.0,0.0,0.0,0.0,0.0,0.0,0.0,0.0,0.0,0.0,0.0,0.0,0.0,0.0,0.0,0.0,0.0,0.0,,0,0,,0,0,,0,0,8.0,2.0,0.0,0.0,0.0,8.0,2.0,0.0,0.0,0.0,10,10,10,23/02/19,23/02/19,2/22/19,L,Yekatit,6,2011
134708,134708,Somali,SHABEELE,Abakaorow,2019,22,May,19,19.0,0.0,0.0,0.0,0.0,0.0,0,0.0,0.0,0.0,17,17.0,0.0,0.0,12,12.0,0.0,0.0,0,0.0,0.0,0.0,0,0.0,0.0,0.0,15,15.0,0.0,0.0,0.0,0.0,0.0,0.0,0.0,0.0,0.0,0.0,0.0,0.0,0.0,0.0,0.0,0.0,0.0,0.0,0.0,0.0,0.0,0.0,0.0,0.0,0.0,0.0,0.0,0.0,0.0,0.0,0.0,0.0,,0,0,,0,0,,0,0,3.0,0.0,0.0,0.0,0.0,3.0,0.0,0.0,0.0,0.0,3,3,3,6/6/19,6/6/19,6/7/19,T,Ginbot,9,2011
131890,131890,Addis Ababa,Yeka,Yeka Woreda14,2019,20,May,3,3.0,0.0,0.0,0.0,1.0,2.0,0,0.0,0.0,0.0,1,1.0,0.0,0.0,66,66.0,0.0,0.0,0,0.0,0.0,0.0,52,52.0,0.0,0.0,0,0.0,0.0,0.0,6.0,0.0,0.0,0.0,0.0,0.0,0.0,0.0,0.0,0.0,0.0,0.0,0.0,0.0,0.0,0.0,0.0,0.0,0.0,0.0,0.0,0.0,0.0,0.0,0.0,0.0,0.0,0.0,0.0,0.0,,0,0,,0,0,,0,0,0.0,2.0,0.0,0.0,6.0,0.0,2.0,0.0,0.0,6.0,8,8,2,23/05/19,23/05/19,5/24/19,T,Ginbot,9,2011
103893,103893,Oromia,Ilu Aba Bora,Doreni,2018,47,November,0,0.0,0.0,0.0,5.0,0.0,0.0,0,0.0,0.0,0.0,1,1.0,0.0,0.0,3,3.0,0.0,0.0,0,0.0,0.0,0.0,0,0.0,0.0,0.0,0,0.0,0.0,0.0,0.0,0.0,0.0,0.0,0.0,0.0,0.0,0.0,0.0,0.0,0.0,0.0,0.0,0.0,0.0,0.0,0.0,0.0,0.0,0.0,0.0,0.0,0.0,0.0,0.0,0.0,0.0,0.0,0.0,0.0,,0,0,,0,0,,0,0,14.0,2.0,0.0,0.0,0.0,11.0,2.0,0.0,0.0,0.0,13,16,13,29/11/18,29/11/18,11/30/18,T,Hedar,3,2011
12839,12839,Somali,Jarar,Daror,2017,14,April,18,18.0,0.0,0.0,6.0,0.0,6.0,0,0.0,0.0,0.0,3,3.0,0.0,0.0,3,3.0,0.0,0.0,0,0.0,0.0,0.0,0,0.0,0.0,0.0,6,6.0,0.0,0.0,,,,0.0,0.0,0.0,0.0,0.0,0.0,0.0,0.0,0.0,0.0,0.0,0.0,0.0,0.0,0.0,0.0,0.0,0.0,0.0,0.0,0.0,0.0,0.0,0.0,0.0,0.0,0.0,,0,0,,0,0,,0,0,3.0,1.0,0.0,0.0,0.0,3.0,1.0,0.0,0.0,0.0,4,4,4,13/04/17,13/04/17,4/14/17,T,Miyazia,8,2009
53072,53072,Amhara,North Shewa,Antsokiya Gemza,2018,2,January,8,8.0,0.0,0.0,97.0,3.0,5.0,0,0.0,0.0,0.0,8,8.0,0.0,0.0,42,42.0,0.0,0.0,0,0.0,0.0,0.0,40,40.0,0.0,0.0,0,0.0,0.0,0.0,0.0,,,0.0,0.0,0.0,0.0,,,0.0,0.0,0.0,0.0,0.0,0.0,0.0,0.0,0.0,0.0,0.0,0.0,0.0,0.0,0.0,0.0,0.0,0.0,0.0,0.0,0.0,,0,0,,0,0,,0,0,11.0,4.0,0.0,0.0,6.0,11.0,4.0,0.0,0.0,6.0,21,21,15,18/01/18,18/01/18,1/19/18,T,Tir,5,2010
73907,73907,Gambella,Agnuwak,Abobo,2018,21,May,71,71.0,0.0,0.0,318.0,64.0,7.0,0,0.0,0.0,0.0,1,1.0,0.0,0.0,3,3.0,0.0,0.0,0,0.0,0.0,0.0,0,0.0,0.0,0.0,0,0.0,0.0,0.0,3.0,0.0,0.0,0.0,0.0,0.0,0.0,0.0,0.0,0.0,0.0,0.0,0.0,0.0,0.0,0.0,0.0,0.0,0.0,0.0,0.0,0.0,0.0,0.0,0.0,0.0,0.0,0.0,0.0,0.0,,0,0,,0,0,,0,0,15.0,3.0,0.0,1.0,0.0,15.0,3.0,0.0,1.0,0.0,19,19,18,31/05/18,31/05/18,6/1/18,T,Ginbot,9,2010
60689,60689,Somali,FAAFAN,Gursum,2018,9,March,6,6.0,0.0,0.0,6.0,2.0,0.0,0,0.0,0.0,0.0,2,2.0,0.0,0.0,0,0.0,0.0,0.0,0,0.0,0.0,0.0,0,0.0,0.0,0.0,7,7.0,0.0,0.0,0.0,0.0,0.0,0.0,0.0,0.0,0.0,0.0,0.0,0.0,0.0,0.0,0.0,0.0,0.0,0.0,0.0,0.0,0.0,0.0,0.0,0.0,0.0,0.0,0.0,0.0,0.0,0.0,0.0,0.0,,0,0,,0,0,,0,0,10.0,2.0,0.0,0.0,0.0,10.0,1.0,0.0,0.0,0.0,11,12,11,9/3/18,9/3/18,3/9/18,T,Megabit,7,2010
68294,68294,Oromia,East Hararge,Gursum,2018,16,April,0,0.0,0.0,0.0,11.0,0.0,0.0,0,0.0,0.0,0.0,14,14.0,0.0,0.0,2,2.0,0.0,0.0,0,0.0,0.0,0.0,0,0.0,0.0,0.0,26,26.0,0.0,0.0,6.0,0.0,0.0,0.0,0.0,0.0,0.0,0.0,0.0,0.0,0.0,0.0,0.0,0.0,0.0,0.0,0.0,0.0,0.0,0.0,0.0,0.0,0.0,0.0,0.0,0.0,0.0,0.0,0.0,0.0,,0,0,,0,0,,0,0,42.0,7.0,0.0,0.0,3.0,27.0,5.0,0.0,0.0,0.0,32,52,32,26/04/18,26/04/18,4/27/18,T,Miyazia,8,2010
101116,101116,Amhara,North Shewa,Menz Gera Meder,2018,45,November,0,0.0,0.0,0.0,0.0,0.0,0.0,0,0.0,0.0,0.0,12,12.0,0.0,0.0,27,27.0,0.0,0.0,0,0.0,0.0,0.0,25,25.0,0.0,0.0,0,0.0,0.0,0.0,28.0,0.0,,0.0,0.0,0.0,0.0,,,0.0,0.0,0.0,0.0,0.0,0.0,0.0,0.0,0.0,0.0,0.0,0.0,0.0,0.0,0.0,0.0,0.0,0.0,0.0,0.0,0.0,,0,0,,0,0,,0,0,20.0,4.0,0.0,0.0,2.0,20.0,4.0,0.0,0.0,2.0,26,26,24,15/11/18,15/11/18,11/16/18,T,Hedar,3,2011
38460,38460,Afar,Zone 03,Amibara,2017,41,October,423,423.0,0.0,0.0,1000.0,390.0,33.0,0,0.0,0.0,0.0,3,3.0,0.0,0.0,117,117.0,0.0,0.0,0,0.0,0.0,0.0,0,0.0,0.0,0.0,8,8.0,0.0,0.0,,,,0.0,0.0,0.0,0.0,0.0,0.0,0.0,0.0,0.0,0.0,0.0,0.0,0.0,0.0,0.0,0.0,0.0,0.0,0.0,0.0,0.0,0.0,0.0,0.0,0.0,0.0,0.0,,0,0,,0,0,,0,0,20.0,4.0,,,,20.0,4.0,,,,24,24,24,19/10/17,19/10/17,10/20/17,T,Teqemt,2,2010
88393,88393,Addis Ababa,Gulele,Gulele Woreda06,2018,34,August,1,1.0,0.0,0.0,1.0,0.0,1.0,0,0.0,0.0,0.0,0,0.0,0.0,0.0,18,18.0,0.0,0.0,0,0.0,0.0,0.0,0,0.0,0.0,0.0,0,0.0,0.0,0.0,1.0,0.0,0.0,0.0,0.0,0.0,0.0,0.0,0.0,0.0,0.0,0.0,0.0,0.0,0.0,0.0,0.0,0.0,0.0,0.0,0.0,0.0,0.0,0.0,0.0,0.0,0.0,0.0,0.0,0.0,,0,0,,0,0,,0,0,0.0,1.0,0.0,0.0,1.0,0.0,1.0,0.0,0.0,0.0,1,2,1,30/08/18,30/08/18,8/31/18,T,Nehase,12,2010
114920,114920,Amhara,Awi,Banja Shekudad,2019,5,January,22,22.0,0.0,0.0,90.0,11.0,11.0,0,0.0,0.0,0.0,2,2.0,0.0,0.0,15,15.0,0.0,0.0,0,0.0,0.0,0.0,1,1.0,0.0,0.0,0,0.0,0.0,0.0,0.0,0.0,,0.0,0.0,0.0,0.0,,,0.0,0.0,0.0,0.0,0.0,0.0,0.0,0.0,0.0,0.0,0.0,0.0,0.0,0.0,0.0,0.0,0.0,0.0,0.0,0.0,0.0,,0,0,,0,0,,0,0,25.0,6.0,0.0,0.0,0.0,25.0,6.0,0.0,0.0,0.0,31,31,31,7/2/19,7/2/19,2/8/19,T,Tir,5,2011
116966,116966,Amhara,East Gojjam,Awabel,2019,6,February,4,4.0,0.0,0.0,43.0,2.0,2.0,0,0.0,0.0,0.0,45,45.0,0.0,0.0,50,50.0,0.0,0.0,0,0.0,0.0,0.0,42,42.0,0.0,0.0,0,0.0,0.0,0.0,4.0,0.0,,0.0,0.0,0.0,0.0,,,0.0,0.0,0.0,0.0,0.0,0.0,0.0,0.0,0.0,0.0,0.0,0.0,0.0,0.0,0.0,0.0,0.0,0.0,0.0,0.0,0.0,,0,0,,0,0,,0,0,28.0,6.0,1.0,0.0,2.0,28.0,6.0,1.0,0.0,2.0,37,37,35,14/02/19,14/02/19,2/15/19,T,Yekatit,6,2011
33180,33180,SNNPR,Siliti,Hulbareg,2017,35,August,3,3.0,0.0,0.0,120.0,0.0,3.0,0,0.0,0.0,0.0,4,4.0,0.0,0.0,50,50.0,0.0,0.0,0,0.0,0.0,0.0,27,27.0,0.0,0.0,0,0.0,0.0,0.0,,,,0.0,0.0,0.0,0.0,0.0,0.0,0.0,0.0,0.0,0.0,0.0,0.0,0.0,0.0,0.0,0.0,0.0,0.0,0.0,0.0,0.0,0.0,0.0,0.0,0.0,0.0,0.0,,0,0,,0,0,,0,0,16.0,3.0,0.0,0.0,0.0,16.0,3.0,0.0,0.0,0.0,19,19,19,8/9/17,8/9/17,9/8/17,T,Nehase,12,2009
4720,4720,Benishangul-Gumuz,Metekel,Pawe,2017,6,February,176,175.0,1.0,0.0,580.0,155.0,18.0,0,0.0,0.0,0.0,24,24.0,0.0,0.0,59,59.0,0.0,0.0,0,0.0,0.0,0.0,18,18.0,0.0,0.0,0,0.0,0.0,0.0,,,,0.0,0.0,0.0,0.0,0.0,0.0,0.0,0.0,0.0,0.0,0.0,0.0,0.0,0.0,0.0,0.0,0.0,0.0,0.0,0.0,0.0,0.0,0.0,0.0,0.0,0.0,0.0,,0,0,,0,0,,0,0,20.0,2.0,0.0,0.0,0.0,20.0,1.0,0.0,0.0,0.0,21,22,21,16/02/17,16/02/17,2/17/17,T,Yekatit,6,2009
13579,13579,SNNPR,Gurage,Mihur Aklil,2017,15,April,6,6.0,0.0,0.0,21.0,2.0,4.0,0,0.0,0.0,0.0,5,5.0,0.0,0.0,33,33.0,0.0,0.0,0,0.0,0.0,0.0,12,12.0,0.0,0.0,0,0.0,0.0,0.0,,,,0.0,0.0,0.0,0.0,0.0,0.0,0.0,0.0,0.0,0.0,1.0,0.0,0.0,0.0,0.0,0.0,0.0,0.0,0.0,0.0,0.0,0.0,0.0,0.0,0.0,0.0,0.0,,0,0,,0,0,,0,0,29.0,5.0,0.0,0.0,0.0,29.0,5.0,0.0,0.0,0.0,34,34,34,20/04/17,20/04/17,4/21/17,T,Miyazia,8,2009
120362,120362,Afar,Zone 04,Teru,2019,10,March,13,13.0,0.0,0.0,69.0,13.0,0.0,0,0.0,0.0,0.0,3,3.0,0.0,0.0,0,0.0,0.0,0.0,0,0.0,0.0,0.0,0,0.0,0.0,0.0,3,0.0,3.0,0.0,0.0,0.0,0.0,0.0,0.0,0.0,0.0,0.0,0.0,0.0,0.0,0.0,0.0,0.0,0.0,0.0,0.0,0.0,0.0,0.0,0.0,0.0,0.0,0.0,0.0,0.0,0.0,0.0,0.0,0.0,,0,0,,0,0,,0,0,5.0,3.0,,,,5.0,3.0,,,,8,8,8,15/03/19,15/03/19,3/15/19,T,Megabit,7,2011
10893,10893,SNNPR,Hawassa Town,Adara Hospital,2017,12,March,4,4.0,0.0,0.0,446.0,2.0,2.0,1,0.0,1.0,0.0,0,0.0,0.0,0.0,1,1.0,0.0,0.0,0,0.0,0.0,0.0,0,0.0,0.0,0.0,2,2.0,0.0,0.0,,,,0.0,0.0,0.0,0.0,0.0,0.0,0.0,0.0,0.0,0.0,0.0,0.0,0.0,0.0,0.0,0.0,0.0,0.0,0.0,0.0,0.0,0.0,0.0,0.0,0.0,0.0,0.0,,0,0,,0,0,,0,0,0.0,0.0,1.0,0.0,0.0,0.0,0.0,1.0,0.0,0.0,1,1,1,30/03/17,30/03/17,3/31/17,T,Megabit,7,2009
133344,133344,Oromia,Borena,Teltele,2019,21,May,39,39.0,0.0,0.0,158.0,35.0,4.0,0,0.0,0.0,0.0,9,9.0,0.0,0.0,0,0.0,0.0,0.0,0,0.0,0.0,0.0,0,0.0,0.0,0.0,0,0.0,0.0,0.0,0.0,0.0,0.0,0.0,0.0,0.0,0.0,0.0,0.0,0.0,0.0,0.0,0.0,0.0,0.0,0.0,0.0,0.0,0.0,0.0,0.0,0.0,0.0,0.0,0.0,0.0,0.0,0.0,0.0,0.0,,0,0,,0,0,,0,0,19.0,4.0,0.0,0.0,0.0,19.0,4.0,,,,23,23,23,30/05/19,30/05/19,5/31/19,T,Ginbot,9,2011
28932,28932,Oromia,west Guji,Abaya,2017,31,August,186,186.0,0.0,0.0,553.0,135.0,51.0,0,0.0,0.0,0.0,0,0.0,0.0,0.0,8,8.0,0.0,0.0,0,0.0,0.0,0.0,0,0.0,0.0,0.0,23,22.0,1.0,0.0,,,,0.0,0.0,0.0,0.0,0.0,0.0,0.0,0.0,0.0,0.0,0.0,0.0,0.0,0.0,0.0,0.0,0.0,0.0,0.0,0.0,0.0,0.0,0.0,0.0,0.0,0.0,0.0,,0,0,,0,0,,0,0,26.0,6.0,0.0,0.0,0.0,26.0,6.0,0.0,0.0,0.0,32,32,32,10/8/17,10/8/17,8/11/17,T,Nehase,12,2009
25906,25906,Oromia,West Arsi,Bishan Guracha Town,2017,28,July,0,,,,,,,0,,,,0,,,,0,,,,0,,,,0,,,,0,,,,,,,,,,,,,,,,,,,,,,,,,,,,,,,,,,,0,0,,0,0,,0,0,0.0,1.0,0.0,0.0,0.0,,,,,,0,1,0,20/07/17,20/07/17,7/21/17,T,Hamle,11,2009
9531,9531,Oromia,East Hararge,Babile Woreda,2017,11,March,1,1.0,0.0,0.0,49.0,1.0,0.0,0,0.0,0.0,0.0,0,0.0,0.0,0.0,0,0.0,0.0,0.0,0,0.0,0.0,0.0,0,0.0,0.0,0.0,6,6.0,0.0,0.0,,,,0.0,0.0,0.0,0.0,0.0,0.0,0.0,0.0,0.0,0.0,0.0,0.0,0.0,0.0,0.0,0.0,0.0,0.0,0.0,0.0,0.0,0.0,0.0,0.0,0.0,0.0,0.0,,0,0,,0,0,,0,0,21.0,3.0,0.0,0.0,2.0,14.0,2.0,0.0,0.0,0.0,16,26,16,23/03/17,23/03/17,3/24/17,T,Megabit,7,2009
48560,48560,SNNPR,Sidama,Arbegona,2017,50,December,0,0.0,0.0,0.0,0.0,0.0,0.0,0,0.0,0.0,0.0,10,10.0,0.0,0.0,15,15.0,0.0,0.0,0,0.0,0.0,0.0,7,7.0,0.0,0.0,3,3.0,0.0,0.0,0.0,0.0,0.0,0.0,0.0,0.0,0.0,0.0,0.0,0.0,0.0,0.0,0.0,0.0,0.0,0.0,0.0,0.0,0.0,0.0,0.0,0.0,0.0,0.0,0.0,0.0,0.0,0.0,0.0,0.0,,0,0,,0,0,,0,0,38.0,5.0,0.0,0.0,0.0,38.0,5.0,0.0,0.0,0.0,43,43,43,21/12/17,21/12/17,12/22/17,T,Tahesas,4,2010
33227,33227,Somali,Afder,Qoxle,2017,35,August,0,,,,,,,0,,,,0,,,,0,,,,0,,,,0,,,,0,,,,,,,,,,,,,,,,,,,,,,,,,,,,,,,,,,,0,0,,0,0,,0,0,2.0,1.0,0.0,0.0,0.0,,,,,,0,3,0,8/9/17,8/9/17,9/8/17,T,Nehase,12,2009
59422,59422,Tigray,Central Tigray,Akisum Town,2018,8,February,3,3.0,0.0,0.0,177.0,3.0,0.0,0,0.0,0.0,0.0,4,4.0,0.0,0.0,0,0.0,0.0,0.0,0,0.0,0.0,0.0,0,0.0,0.0,0.0,2,2.0,0.0,0.0,0.0,,,0.0,0.0,0.0,0.0,,,0.0,0.0,0.0,0.0,0.0,0.0,0.0,0.0,0.0,0.0,0.0,0.0,0.0,0.0,0.0,0.0,0.0,0.0,0.0,0.0,0.0,,0,0,,0,0,,0,0,0.0,2.0,2.0,0.0,0.0,0.0,2.0,2.0,0.0,0.0,4,4,4,2/3/18,2/3/18,3/2/18,T,Yekatit,6,2010
45540,45540,Benishangul-Gumuz,Assosa,ARRA Tongo,2017,48,November,0,0.0,0.0,0.0,4.0,0.0,0.0,0,0.0,0.0,0.0,0,0.0,0.0,0.0,0,0.0,0.0,0.0,0,0.0,0.0,0.0,0,0.0,0.0,0.0,0,0.0,0.0,0.0,,,,0.0,0.0,0.0,0.0,0.0,0.0,0.0,0.0,0.0,0.0,0.0,0.0,0.0,0.0,0.0,0.0,0.0,0.0,0.0,0.0,0.0,0.0,0.0,0.0,0.0,0.0,0.0,,0,0,,0,0,,0,0,0.0,0.0,0.0,1.0,0.0,0.0,0.0,0.0,1.0,0.0,1,1,0,7/12/17,7/12/17,12/8/17,T,Hedar,3,2010
102419,102419,Amhara,South Gonder,Debretabor,2018,46,November,12,12.0,0.0,0.0,75.0,7.0,5.0,0,0.0,0.0,0.0,3,3.0,0.0,0.0,1,1.0,0.0,0.0,0,0.0,0.0,0.0,2,2.0,0.0,0.0,0,0.0,0.0,0.0,0.0,,0.0,0.0,0.0,0.0,0.0,,,0.0,0.0,0.0,0.0,0.0,0.0,0.0,0.0,0.0,0.0,0.0,0.0,0.0,0.0,0.0,0.0,0.0,0.0,0.0,0.0,0.0,,0,0,,0,0,,0,0,0.0,3.0,0.0,0.0,3.0,0.0,3.0,0.0,0.0,3.0,6,6,3,22/11/18,22/11/18,11/23/18,T,Hedar,3,2011
120875,120875,Oromia,South West Shewa,Tulu Bolo Hospital,2019,10,March,0,0.0,0.0,0.0,50.0,0.0,0.0,0,0.0,0.0,0.0,0,0.0,0.0,0.0,0,0.0,0.0,0.0,0,0.0,0.0,0.0,0,0.0,0.0,0.0,1,0.0,1.0,0.0,0.0,0.0,0.0,0.0,0.0,0.0,0.0,0.0,0.0,0.0,0.0,0.0,0.0,0.0,0.0,0.0,0.0,0.0,0.0,0.0,0.0,0.0,0.0,0.0,0.0,0.0,0.0,0.0,0.0,0.0,,0,0,,0,0,,0,0,0.0,0.0,1.0,0.0,0.0,,,1.0,,,1,1,1,14/03/19,14/03/19,3/15/19,T,Megabit,7,2011
12718,12718,SNNPR,Kembata Tembaro,Kedida Gamela,2017,14,April,51,51.0,0.0,0.0,424.0,47.0,4.0,0,0.0,0.0,0.0,0,0.0,0.0,0.0,92,92.0,0.0,0.0,0,0.0,0.0,0.0,0,0.0,0.0,0.0,2,2.0,0.0,0.0,,,,0.0,0.0,0.0,0.0,0.0,0.0,0.0,0.0,0.0,0.0,0.0,0.0,0.0,0.0,0.0,0.0,0.0,0.0,0.0,0.0,0.0,0.0,0.0,0.0,0.0,0.0,0.0,,0,0,,0,0,,0,0,19.0,4.0,0.0,0.0,0.0,19.0,4.0,0.0,0.0,0.0,23,23,23,13/04/17,13/04/17,4/14/17,T,Miyazia,8,2009
133107,133107,Amhara,North Gondar,Tselemet,2019,21,May,17,17.0,0.0,0.0,58.0,13.0,4.0,0,0.0,0.0,0.0,0,0.0,0.0,0.0,0,0.0,0.0,0.0,0,0.0,0.0,0.0,0,0.0,0.0,0.0,4,4.0,0.0,0.0,8.0,0.0,,0.0,0.0,3.0,0.0,,,1.0,0.0,0.0,0.0,3.0,0.0,0.0,0.0,0.0,0.0,0.0,0.0,0.0,0.0,0.0,0.0,0.0,0.0,0.0,0.0,0.0,,0,0,,0,0,,0,0,22.0,5.0,0.0,0.0,0.0,15.0,5.0,0.0,0.0,0.0,20,27,20,30/05/19,30/05/19,5/31/19,T,Ginbot,9,2011
36625,36625,Oromia,East Hararge,Bedeno,2017,39,September,1,1.0,0.0,0.0,1.0,1.0,0.0,0,0.0,0.0,0.0,3,3.0,0.0,0.0,0,0.0,0.0,0.0,0,0.0,0.0,0.0,0,0.0,0.0,0.0,69,62.0,7.0,0.0,,,,0.0,0.0,0.0,0.0,0.0,0.0,0.0,0.0,0.0,0.0,0.0,0.0,0.0,0.0,0.0,0.0,0.0,0.0,0.0,0.0,0.0,0.0,0.0,0.0,0.0,0.0,0.0,,0,0,,0,0,,0,0,40.0,9.0,0.0,0.0,5.0,39.0,9.0,0.0,0.0,7.0,55,54,48,5/10/17,5/10/17,10/6/17,T,Meskerem,1,2010
107040,107040,Oromia,Arsi,Bekoji Town,2018,50,December,1,1.0,0.0,0.0,1.0,1.0,0.0,1,0.0,1.0,0.0,2,2.0,0.0,0.0,66,66.0,0.0,0.0,1,1.0,0.0,0.0,0,0.0,0.0,0.0,3,3.0,0.0,0.0,0.0,0.0,0.0,0.0,0.0,0.0,0.0,0.0,0.0,0.0,0.0,0.0,0.0,0.0,0.0,0.0,0.0,0.0,0.0,0.0,0.0,0.0,0.0,0.0,0.0,0.0,0.0,0.0,0.0,0.0,,0,0,,0,0,,0,0,1.0,1.0,1.0,0.0,8.0,1.0,1.0,1.0,0.0,0.0,3,11,3,20/12/18,20/12/18,12/21/18,T,Tahesas,4,2011
31031,31031,Oromia,West Wellega,Ayira Hospital,2017,33,August,0,,,,,,,0,,,,0,,,,0,,,,0,,,,0,,,,0,,,,,,,,,,,,,,,,,,,,,,,,,,,,,,,,,,,0,0,,0,0,,0,0,0.0,0.0,0.0,1.0,0.0,,,,,,0,1,0,24/08/17,24/08/17,8/25/17,T,Nehase,12,2009
15307,15307,Oromia,North Shewa,Dera hospital,2017,17,April,0,0.0,0.0,0.0,16.0,0.0,0.0,0,0.0,0.0,0.0,0,0.0,0.0,0.0,0,0.0,0.0,0.0,0,0.0,0.0,0.0,0,0.0,0.0,0.0,0,0.0,0.0,0.0,,,,0.0,0.0,0.0,0.0,0.0,0.0,0.0,0.0,0.0,0.0,0.0,0.0,0.0,0.0,0.0,0.0,0.0,0.0,0.0,0.0,0.0,0.0,0.0,0.0,0.0,0.0,0.0,,0,0,,0,0,,0,0,0.0,0.0,1.0,0.0,0.0,0.0,0.0,1.0,0.0,0.0,1,1,1,4/5/17,4/5/17,5/5/17,T,Miyazia,8,2009
110910,110910,SNNPR,Kefa,Tello,2019,1,January,0,0.0,0.0,0.0,0.0,0.0,0.0,0,0.0,0.0,0.0,0,0.0,0.0,0.0,0,0.0,0.0,0.0,0,0.0,0.0,0.0,0,0.0,0.0,0.0,0,0.0,0.0,0.0,0.0,0.0,,0.0,0.0,0.0,0.0,0.0,0.0,0.0,0.0,0.0,0.0,0.0,0.0,0.0,0.0,0.0,0.0,0.0,0.0,0.0,0.0,0.0,0.0,0.0,0.0,0.0,0.0,0.0,,0,0,,0,0,,0,0,24.0,4.0,0.0,0.0,0.0,0.0,0.0,0.0,0.0,0.0,0,28,0,10/1/19,10/1/19,1/11/19,T,Tir,5,2011
93818,93818,SNNPR,Halaba,Besheno HSP,2018,38,September,0,0.0,0.0,0.0,34.0,0.0,0.0,0,0.0,0.0,0.0,0,0.0,0.0,0.0,0,0.0,0.0,0.0,0,0.0,0.0,0.0,0,0.0,0.0,0.0,1,1.0,0.0,0.0,0.0,,0.0,0.0,0.0,0.0,0.0,0.0,0.0,0.0,0.0,0.0,0.0,0.0,0.0,0.0,0.0,0.0,0.0,0.0,0.0,0.0,0.0,0.0,0.0,0.0,0.0,0.0,0.0,0.0,,0,0,,0,0,,0,0,0.0,0.0,1.0,0.0,0.0,0.0,0.0,1.0,0.0,0.0,1,1,1,28/09/18,28/09/18,10/5/18,T,Meskerem,1,2011
135007,135007,Oromia,West Arsi,Arsi Negele Rural,2019,22,May,15,15.0,0.0,0.0,74.0,13.0,2.0,0,0.0,0.0,0.0,12,12.0,0.0,0.0,5,5.0,0.0,0.0,0,0.0,0.0,0.0,1,1.0,0.0,0.0,11,11.0,0.0,0.0,40.0,0.0,0.0,0.0,0.0,0.0,0.0,0.0,0.0,0.0,0.0,0.0,0.0,0.0,0.0,0.0,0.0,0.0,0.0,0.0,0.0,0.0,0.0,0.0,0.0,0.0,0.0,0.0,0.0,0.0,,0,0,,0,0,,0,0,34.0,9.0,0.0,0.0,0.0,21.0,6.0,0.0,0.0,0.0,27,43,27,6/6/19,6/6/19,6/7/19,T,Ginbot,9,2011
117073,117073,Amhara,South Wollo,Mekdela,2019,6,February,5,5.0,0.0,0.0,66.0,2.0,3.0,0,0.0,0.0,0.0,4,4.0,0.0,0.0,9,9.0,0.0,0.0,0,0.0,0.0,0.0,16,16.0,0.0,0.0,0,0.0,0.0,0.0,0.0,0.0,,0.0,0.0,0.0,0.0,,,0.0,0.0,0.0,0.0,0.0,0.0,0.0,0.0,0.0,0.0,0.0,0.0,0.0,0.0,0.0,0.0,0.0,0.0,0.0,0.0,0.0,,0,0,,0,0,,0,0,32.0,7.0,0.0,0.0,3.0,32.0,7.0,0.0,0.0,3.0,42,42,39,14/02/19,14/02/19,2/15/19,T,Yekatit,6,2011
73829,73829,Amhara,South Wollo,Legamibo,2018,21,May,0,0.0,0.0,0.0,18.0,0.0,0.0,0,0.0,0.0,0.0,32,32.0,0.0,0.0,8,8.0,0.0,0.0,0,0.0,0.0,0.0,5,5.0,0.0,0.0,5,3.0,2.0,0.0,0.0,0.0,,0.0,0.0,0.0,0.0,,,0.0,0.0,0.0,0.0,0.0,0.0,0.0,0.0,0.0,0.0,0.0,0.0,0.0,0.0,0.0,0.0,0.0,0.0,0.0,0.0,0.0,,0,0,,0,0,,0,0,35.0,9.0,1.0,0.0,5.0,35.0,9.0,1.0,0.0,5.0,50,50,45,31/05/18,31/05/18,6/1/18,T,Ginbot,9,2010
18342,18342,SNNPR,Gamo Gofa,Bonke,2017,20,May,68,68.0,0.0,0.0,153.0,40.0,28.0,0,0.0,0.0,0.0,4,4.0,0.0,0.0,97,97.0,0.0,0.0,0,0.0,0.0,0.0,43,43.0,0.0,0.0,13,13.0,0.0,0.0,,,,0.0,0.0,0.0,0.0,0.0,0.0,0.0,0.0,0.0,0.0,0.0,0.0,0.0,0.0,0.0,0.0,0.0,0.0,0.0,0.0,0.0,0.0,0.0,0.0,0.0,0.0,0.0,,0,0,,0,0,,0,0,38.0,6.0,0.0,0.0,0.0,34.0,6.0,0.0,0.0,0.0,40,44,40,25/05/17,25/05/17,5/26/17,T,Ginbot,9,2009
107827,107827,Addis Ababa,Addis Ketema,Addis Ketema Woreda03,2018,51,December,0,0.0,0.0,0.0,0.0,0.0,0.0,0,0.0,0.0,0.0,1,1.0,0.0,0.0,43,43.0,0.0,0.0,0,0.0,0.0,0.0,46,46.0,0.0,0.0,0,0.0,0.0,0.0,13.0,0.0,0.0,0.0,0.0,0.0,0.0,0.0,0.0,0.0,0.0,0.0,0.0,0.0,0.0,0.0,0.0,0.0,0.0,0.0,0.0,0.0,0.0,0.0,0.0,0.0,0.0,0.0,0.0,0.0,,0,0,,0,0,,0,0,0.0,1.0,0.0,0.0,3.0,0.0,1.0,0.0,0.0,3.0,4,4,1,27/12/18,27/12/18,12/28/18,T,Tahesas,4,2011
30655,30655,Benishangul-Gumuz,Maokomo Special,Maokomo,2017,33,August,110,110.0,0.0,0.0,235.0,80.0,15.0,0,0.0,0.0,0.0,3,3.0,0.0,0.0,5,5.0,0.0,0.0,0,0.0,0.0,0.0,0,0.0,0.0,0.0,0,0.0,0.0,0.0,,,,0.0,0.0,0.0,0.0,0.0,0.0,0.0,0.0,0.0,0.0,0.0,0.0,0.0,0.0,0.0,0.0,0.0,0.0,0.0,0.0,0.0,0.0,0.0,0.0,0.0,0.0,0.0,,0,0,,0,0,,0,0,22.0,3.0,0.0,0.0,2.0,22.0,3.0,0.0,0.0,0.0,25,27,25,24/08/17,24/08/17,8/25/17,T,Nehase,12,2009
29378,29378,Tigray,North Western Tigray,Asegede Tsimbila,2017,31,August,852,850.0,2.0,0.0,2076.0,530.0,322.0,0,0.0,0.0,0.0,111,111.0,0.0,0.0,11,11.0,0.0,0.0,0,0.0,0.0,0.0,0,0.0,0.0,0.0,8,8.0,0.0,0.0,,,,0.0,0.0,0.0,0.0,,,15.0,0.0,0.0,0.0,0.0,0.0,0.0,0.0,0.0,0.0,0.0,0.0,0.0,0.0,0.0,0.0,0.0,0.0,0.0,0.0,0.0,,0,0,,0,0,,0,0,25.0,7.0,0.0,1.0,0.0,25.0,7.0,0.0,1.0,0.0,33,33,32,15/08/17,15/08/17,8/11/17,L,Nehase,12,2009
13920,13920,Amhara,Awi,Fagita Lekoma,2017,16,April,18,18.0,0.0,0.0,85.0,9.0,9.0,0,0.0,0.0,0.0,23,23.0,0.0,0.0,29,29.0,0.0,0.0,0,0.0,0.0,0.0,5,5.0,0.0,0.0,1,1.0,0.0,0.0,,,,0.0,0.0,0.0,0.0,,,0.0,0.0,0.0,0.0,2.0,0.0,0.0,0.0,0.0,0.0,0.0,0.0,0.0,0.0,0.0,0.0,0.0,0.0,0.0,0.0,0.0,,0,0,,0,0,,0,0,25.0,6.0,0.0,0.0,0.0,25.0,6.0,0.0,0.0,0.0,31,31,31,27/04/17,27/04/17,4/28/17,T,Miyazia,8,2009
17064,17064,Oromia,Bale,Meda Welabu,2017,19,May,0,0.0,0.0,0.0,0.0,0.0,0.0,0,0.0,0.0,0.0,7,7.0,0.0,0.0,3,3.0,0.0,0.0,0,0.0,0.0,0.0,0,0.0,0.0,0.0,15,11.0,4.0,0.0,,,,0.0,0.0,0.0,0.0,0.0,0.0,2.0,0.0,0.0,0.0,0.0,0.0,0.0,0.0,0.0,0.0,0.0,0.0,0.0,0.0,0.0,0.0,0.0,0.0,0.0,0.0,0.0,,0,0,,0,0,,0,0,21.0,6.0,0.0,0.0,0.0,12.0,5.0,0.0,0.0,0.0,17,27,17,18/05/17,18/05/17,5/19/17,T,Ginbot,9,2009
8257,8257,Addis Ababa,Chirkos,Gandi Mem Hos[pital,2017,10,March,0,0.0,0.0,0.0,0.0,0.0,0.0,0,0.0,0.0,0.0,0,0.0,0.0,0.0,0,0.0,0.0,0.0,0,0.0,0.0,0.0,0,0.0,0.0,0.0,0,0.0,0.0,0.0,,,,0.0,0.0,0.0,0.0,,,0.0,0.0,0.0,0.0,0.0,0.0,0.0,0.0,0.0,0.0,0.0,0.0,0.0,0.0,0.0,0.0,0.0,0.0,0.0,0.0,0.0,,0,0,,0,0,,0,0,0.0,0.0,1.0,0.0,0.0,0.0,0.0,1.0,0.0,0.0,1,1,1,16/03/17,16/03/17,3/17/17,T,Megabit,7,2009
113110,113110,SNNPR,Gamo Gofa,West Abaya,2019,3,January,11,11.0,0.0,0.0,213.0,4.0,7.0,0,0.0,0.0,0.0,0,0.0,0.0,0.0,89,89.0,0.0,0.0,0,0.0,0.0,0.0,6,6.0,0.0,0.0,1,1.0,0.0,0.0,0.0,0.0,,0.0,0.0,0.0,0.0,0.0,0.0,0.0,0.0,0.0,0.0,0.0,0.0,0.0,0.0,0.0,0.0,0.0,0.0,0.0,0.0,0.0,0.0,0.0,0.0,0.0,0.0,0.0,,0,0,,0,0,,0,0,26.0,4.0,0.0,0.0,0.0,26.0,4.0,0.0,0.0,0.0,30,30,30,24/01/19,24/01/19,1/25/19,T,Tir,5,2011
981,981,Amhara,Oromiya,Dewe Harewa,2017,2,January,18,18.0,0.0,0.0,57.0,18.0,0.0,0,0.0,0.0,0.0,8,8.0,0.0,0.0,0,0.0,0.0,0.0,0,0.0,0.0,0.0,0,0.0,0.0,0.0,6,6.0,0.0,0.0,,,,0.0,0.0,0.0,0.0,,,0.0,0.0,0.0,0.0,0.0,0.0,0.0,0.0,0.0,0.0,0.0,0.0,0.0,0.0,0.0,0.0,0.0,0.0,0.0,0.0,0.0,,0,0,,0,0,,0,0,9.0,2.0,0.0,0.0,1.0,9.0,2.0,0.0,0.0,1.0,12,12,11,19/01/17,19/01/17,1/20/17,T,Tir,5,2009
60479,60479,SNNPR,Gamo Gofa,Chencha Hospital,2018,9,March,4,4.0,0.0,0.0,11.0,1.0,3.0,0,0.0,0.0,0.0,0,0.0,0.0,0.0,13,13.0,0.0,0.0,0,0.0,0.0,0.0,19,19.0,0.0,0.0,0,0.0,0.0,0.0,0.0,0.0,,0.0,0.0,0.0,0.0,0.0,0.0,0.0,0.0,0.0,0.0,0.0,0.0,0.0,0.0,0.0,0.0,0.0,0.0,0.0,0.0,0.0,0.0,0.0,0.0,0.0,0.0,0.0,,0,0,,0,0,,0,0,0.0,0.0,1.0,0.0,0.0,0.0,0.0,1.0,0.0,0.0,1,1,1,8/3/18,8/3/18,3/9/18,T,Megabit,7,2010
55738,55738,Oromia,Guji,Girja,2018,5,February,7,7.0,0.0,0.0,37.0,6.0,1.0,0,0.0,0.0,0.0,10,10.0,0.0,0.0,0,0.0,0.0,0.0,0,0.0,0.0,0.0,0,0.0,0.0,0.0,6,6.0,0.0,0.0,0.0,0.0,0.0,0.0,0.0,0.0,0.0,0.0,0.0,0.0,0.0,0.0,0.0,0.0,0.0,0.0,0.0,0.0,0.0,0.0,0.0,0.0,0.0,0.0,0.0,0.0,0.0,0.0,0.0,0.0,,0,0,,0,0,,0,0,18.0,4.0,0.0,0.0,0.0,18.0,4.0,0.0,0.0,0.0,22,22,22,8/2/18,8/2/18,2/9/18,T,Yekatit,6,2010
93252,93252,Amhara,North Shewa,Mez Keya Geberal,2018,38,September,0,0.0,0.0,0.0,23.0,0.0,0.0,0,0.0,0.0,0.0,6,6.0,0.0,0.0,12,12.0,0.0,0.0,0,0.0,0.0,0.0,0,0.0,0.0,0.0,0,0.0,0.0,0.0,3.0,,0.0,0.0,0.0,0.0,0.0,,,0.0,0.0,0.0,0.0,0.0,0.0,0.0,0.0,0.0,0.0,0.0,0.0,0.0,0.0,0.0,0.0,0.0,0.0,0.0,0.0,0.0,,0,0,,0,0,,0,0,12.0,4.0,0.0,0.0,1.0,12.0,4.0,0.0,0.0,1.0,17,17,16,28/09/18,28/09/18,9/28/18,T,Meskerem,1,2011
67947,67947,Addis Ababa,Gulele,Gulele Woreda10,2018,16,April,0,0.0,0.0,0.0,0.0,0.0,0.0,0,0.0,0.0,0.0,9,9.0,0.0,0.0,58,58.0,0.0,0.0,0,0.0,0.0,0.0,26,26.0,0.0,0.0,0,0.0,0.0,0.0,2.0,0.0,0.0,0.0,0.0,0.0,0.0,0.0,0.0,0.0,0.0,0.0,0.0,0.0,0.0,0.0,0.0,0.0,0.0,0.0,0.0,0.0,0.0,0.0,0.0,0.0,0.0,0.0,0.0,0.0,,0,0,,0,0,,0,0,0.0,1.0,0.0,0.0,6.0,0.0,1.0,0.0,0.0,6.0,7,7,1,26/04/18,26/04/18,4/27/18,T,Miyazia,8,2010
42413,42413,Amhara,South Wollo,Sayinit,2017,45,November,16,16.0,0.0,0.0,66.0,6.0,10.0,0,0.0,0.0,0.0,5,5.0,0.0,0.0,8,8.0,0.0,0.0,0,0.0,0.0,0.0,0,0.0,0.0,0.0,6,6.0,0.0,0.0,,,,0.0,0.0,0.0,0.0,,,0.0,0.0,0.0,0.0,0.0,0.0,0.0,0.0,0.0,0.0,0.0,0.0,0.0,0.0,0.0,0.0,0.0,0.0,0.0,0.0,0.0,,0,0,,0,0,,0,0,31.0,7.0,1.0,1.0,0.0,31.0,7.0,0.0,0.0,1.0,39,40,38,16/11/17,16/11/17,11/17/17,T,Hedar,3,2010
1319,1319,Oromia,North Shewa,Were Jarso,2017,2,January,1,1.0,0.0,0.0,8.0,1.0,0.0,0,0.0,0.0,0.0,0,0.0,0.0,0.0,9,9.0,0.0,0.0,0,0.0,0.0,0.0,0,0.0,0.0,0.0,1,1.0,0.0,0.0,,,,0.0,0.0,0.0,0.0,0.0,0.0,0.0,0.0,0.0,0.0,0.0,0.0,0.0,0.0,0.0,0.0,0.0,0.0,0.0,0.0,0.0,0.0,0.0,0.0,0.0,0.0,0.0,,0,0,,0,0,,0,0,25.0,7.0,0.0,0.0,4.0,25.0,7.0,,,1.0,33,36,32,19/01/17,19/01/17,1/20/17,T,Tir,5,2009
100253,100253,Gambella,Agnuwak,Gambella  Town,2018,44,November,193,188.0,5.0,0.0,354.0,188.0,5.0,0,0.0,0.0,0.0,1,1.0,0.0,0.0,5,5.0,0.0,0.0,0,0.0,0.0,0.0,0,0.0,0.0,0.0,5,5.0,0.0,0.0,0.0,0.0,0.0,0.0,0.0,0.0,0.0,0.0,0.0,0.0,0.0,0.0,0.0,0.0,0.0,0.0,0.0,0.0,0.0,0.0,0.0,0.0,0.0,0.0,0.0,0.0,0.0,0.0,0.0,0.0,,0,0,,0,0,,0,0,1.0,1.0,0.0,0.0,0.0,0.0,1.0,0.0,0.0,0.0,1,2,1,8/11/18,8/11/18,11/9/18,T,Hedar,3,2011
36146,36146,Somali,FAAFAN,Tuli Guuleed,2017,38,September,14,14.0,0.0,0.0,14.0,10.0,1.0,0,0.0,0.0,0.0,6,6.0,0.0,0.0,6,6.0,0.0,0.0,0,0.0,0.0,0.0,0,0.0,0.0,0.0,8,8.0,0.0,0.0,,,,0.0,0.0,0.0,0.0,0.0,0.0,0.0,0.0,0.0,0.0,0.0,0.0,0.0,0.0,0.0,0.0,0.0,0.0,0.0,0.0,0.0,0.0,0.0,0.0,0.0,0.0,0.0,,0,0,,0,0,,0,0,10.0,3.0,0.0,0.0,0.0,10.0,3.0,0.0,0.0,0.0,13,13,13,30/09/17,30/09/17,9/29/17,L,Meskerem,1,2010
57414,57414,SNNPR,Sheka,Masha,2018,6,February,0,0.0,0.0,0.0,0.0,0.0,0.0,0,0.0,0.0,0.0,0,0.0,0.0,0.0,3,3.0,0.0,0.0,0,0.0,0.0,0.0,2,2.0,0.0,0.0,0,0.0,0.0,0.0,0.0,0.0,,0.0,0.0,0.0,0.0,0.0,0.0,0.0,0.0,0.0,0.0,0.0,0.0,0.0,0.0,0.0,0.0,0.0,0.0,0.0,0.0,0.0,0.0,0.0,0.0,0.0,0.0,0.0,,0,0,,0,0,,0,0,19.0,4.0,0.0,0.0,0.0,19.0,4.0,0.0,0.0,0.0,23,23,23,15/02/18,15/02/18,2/16/18,T,Yekatit,6,2010
49708,49708,Oromia,Horo Gudru Wellega,Abay Chomen,2017,51,December,2,2.0,0.0,0.0,139.0,0.0,2.0,0,0.0,0.0,0.0,3,3.0,0.0,0.0,4,4.0,0.0,0.0,0,0.0,0.0,0.0,0,0.0,0.0,0.0,0,0.0,0.0,0.0,0.0,0.0,0.0,0.0,0.0,0.0,0.0,0.0,0.0,0.0,0.0,0.0,0.0,0.0,0.0,0.0,0.0,0.0,0.0,0.0,0.0,0.0,0.0,0.0,0.0,0.0,0.0,0.0,0.0,0.0,,0,0,,0,0,,0,0,18.0,5.0,0.0,0.0,4.0,18.0,5.0,0.0,0.0,6.0,29,27,23,28/12/17,28/12/17,12/29/17,T,Tahesas,4,2010
95349,95349,Somali,SITTI,Gablaalu,2018,39,September,0,0.0,0.0,0.0,0.0,0.0,0.0,0,0.0,0.0,0.0,0,0.0,0.0,0.0,0,0.0,0.0,0.0,0,0.0,0.0,0.0,0,0.0,0.0,0.0,2,2.0,0.0,0.0,0.0,0.0,0.0,0.0,0.0,0.0,0.0,0.0,0.0,0.0,0.0,0.0,0.0,0.0,0.0,0.0,0.0,0.0,0.0,0.0,0.0,0.0,0.0,0.0,0.0,0.0,0.0,0.0,0.0,0.0,,0,0,,0,0,,0,0,6.0,0.0,0.0,0.0,0.0,,,,,,0,6,0,9/10/18,9/10/18,10/5/18,L,Meskerem,1,2011
77740,77740,Addis Ababa,Arada,Arada Woreda09,2018,25,June,0,0.0,0.0,0.0,0.0,0.0,0.0,0,0.0,0.0,0.0,8,8.0,0.0,0.0,15,15.0,0.0,0.0,0,0.0,0.0,0.0,13,13.0,0.0,0.0,0,0.0,0.0,0.0,0.0,0.0,0.0,0.0,0.0,0.0,0.0,0.0,0.0,0.0,0.0,0.0,0.0,0.0,0.0,0.0,0.0,0.0,0.0,0.0,0.0,0.0,0.0,0.0,0.0,0.0,0.0,0.0,0.0,0.0,,0,0,,0,0,,0,0,0.0,0.0,0.0,0.0,9.0,0.0,0.0,0.0,0.0,9.0,9,9,0,28/06/18,28/06/18,6/29/18,T,Sene,10,2010
31045,31045,Oromia,West Wellega,Jarso,2017,33,August,1,1.0,0.0,0.0,29.0,1.0,0.0,0,0.0,0.0,0.0,0,0.0,0.0,0.0,0,0.0,0.0,0.0,0,0.0,0.0,0.0,0,0.0,0.0,0.0,25,22.0,3.0,0.0,,,,0.0,0.0,0.0,0.0,0.0,0.0,0.0,0.0,0.0,0.0,0.0,0.0,0.0,0.0,0.0,0.0,0.0,0.0,0.0,0.0,0.0,0.0,0.0,0.0,0.0,0.0,0.0,,0,0,,0,0,,0,0,14.0,2.0,0.0,0.0,0.0,14.0,2.0,0.0,0.0,0.0,16,16,16,24/08/17,24/08/17,8/25/17,T,Nehase,12,2009
62540,62540,Oromia,Bale,Ginir Town,2018,11,March,0,0.0,0.0,0.0,0.0,0.0,0.0,0,0.0,0.0,0.0,0,0.0,0.0,0.0,5,5.0,0.0,0.0,0,0.0,0.0,0.0,0,0.0,0.0,0.0,0,0.0,0.0,0.0,0.0,0.0,0.0,0.0,0.0,0.0,0.0,0.0,0.0,0.0,0.0,0.0,0.0,0.0,0.0,0.0,0.0,0.0,0.0,0.0,0.0,0.0,0.0,0.0,0.0,0.0,0.0,0.0,0.0,0.0,,0,0,,0,0,,0,0,0.0,0.0,1.0,0.0,2.0,0.0,0.0,1.0,0.0,0.0,1,3,1,22/03/18,22/03/18,3/23/18,T,Megabit,7,2010
97005,97005,Oromia,Jimma,Guma,2018,41,October,0,0.0,0.0,0.0,10.0,0.0,0.0,0,0.0,0.0,0.0,0,0.0,0.0,0.0,3,3.0,0.0,0.0,0,0.0,0.0,0.0,0,0.0,0.0,0.0,4,4.0,0.0,0.0,0.0,0.0,0.0,0.0,0.0,0.0,0.0,0.0,0.0,0.0,0.0,0.0,0.0,0.0,0.0,0.0,0.0,0.0,0.0,0.0,0.0,0.0,0.0,0.0,0.0,0.0,0.0,0.0,0.0,0.0,,0,0,,0,0,,0,0,14.0,3.0,0.0,0.0,0.0,14.0,3.0,0.0,0.0,0.0,17,17,17,18/10/18,18/10/18,10/19/18,T,Teqemt,2,2011
10564,10564,Oromia,East Shewa,Batu,2017,12,March,36,36.0,0.0,0.0,598.0,12.0,24.0,0,0.0,0.0,0.0,9,9.0,0.0,0.0,118,118.0,0.0,0.0,0,0.0,0.0,0.0,10,10.0,0.0,0.0,4,4.0,0.0,0.0,,,,0.0,0.0,0.0,0.0,0.0,0.0,0.0,0.0,0.0,0.0,0.0,0.0,0.0,0.0,0.0,0.0,0.0,0.0,0.0,0.0,0.0,0.0,0.0,0.0,0.0,0.0,0.0,,0,0,,0,0,,0,0,0.0,2.0,0.0,0.0,11.0,0.0,2.0,0.0,0.0,11.0,13,13,2,31/03/17,31/03/17,3/31/17,T,Megabit,7,2009
87882,87882,SNNPR,South Omo,Jinka Town,2018,33,August,21,20.0,1.0,0.0,99.0,12.0,9.0,0,0.0,0.0,0.0,3,3.0,0.0,0.0,12,12.0,0.0,0.0,0,0.0,0.0,0.0,0,0.0,0.0,0.0,0,0.0,0.0,0.0,0.0,,0.0,0.0,0.0,0.0,0.0,0.0,0.0,0.0,0.0,0.0,0.0,0.0,0.0,0.0,0.0,0.0,0.0,0.0,0.0,0.0,0.0,0.0,0.0,0.0,0.0,0.0,0.0,0.0,,0,0,,0,0,,0,0,2.0,1.0,0.0,0.0,0.0,0.0,1.0,0.0,,,1,3,1,23/08/18,23/08/18,8/24/18,T,Nehase,12,2010
129085,129085,SNNPR,Gurage,Gedebano Gutazer,2019,17,April,0,0.0,0.0,0.0,0.0,0.0,0.0,0,0.0,0.0,0.0,12,12.0,0.0,0.0,22,22.0,0.0,0.0,0,0.0,0.0,0.0,12,12.0,0.0,0.0,2,2.0,0.0,0.0,37.0,0.0,,0.0,0.0,0.0,0.0,0.0,0.0,0.0,0.0,0.0,0.0,0.0,0.0,0.0,0.0,0.0,0.0,0.0,0.0,0.0,0.0,0.0,0.0,0.0,0.0,0.0,0.0,0.0,,0,0,,0,0,,0,0,32.0,5.0,0.0,0.0,0.0,31.0,4.0,0.0,0.0,0.0,35,37,35,2/5/19,2/5/19,5/3/19,T,Miyazia,8,2011
110221,110221,Amhara,Centeral  Gondar,Alefa,2019,1,January,120,120.0,0.0,0.0,324.0,91.0,29.0,0,0.0,0.0,0.0,5,5.0,0.0,0.0,0,0.0,0.0,0.0,0,0.0,0.0,0.0,0,0.0,0.0,0.0,1,1.0,0.0,0.0,23.0,0.0,,0.0,0.0,0.0,0.0,,,0.0,0.0,0.0,0.0,4.0,0.0,0.0,0.0,0.0,0.0,0.0,0.0,0.0,0.0,0.0,0.0,0.0,0.0,0.0,0.0,0.0,,0,0,,0,0,,0,0,36.0,5.0,0.0,0.0,2.0,32.0,5.0,0.0,0.0,0.0,37,43,37,10/1/19,10/1/19,1/11/19,T,Tir,5,2011
129729,129729,Amhara,West Gojjam,Gonji Kolela,2019,18,May,5,5.0,0.0,0.0,48.0,5.0,0.0,0,0.0,0.0,0.0,49,49.0,0.0,0.0,0,0.0,0.0,0.0,0,0.0,0.0,0.0,0,0.0,0.0,0.0,0,0.0,0.0,0.0,38.0,0.0,,0.0,0.0,0.0,0.0,,,0.0,0.0,0.0,0.0,0.0,0.0,0.0,0.0,0.0,0.0,0.0,0.0,0.0,0.0,0.0,0.0,0.0,0.0,0.0,0.0,0.0,,0,0,,0,0,,0,0,29.0,6.0,0.0,0.0,0.0,29.0,6.0,0.0,0.0,0.0,35,35,35,9/5/19,9/5/19,5/10/19,T,Ginbot,9,2011
82847,82847,Benishangul-Gumuz,Assosa,Assosa Zone Prison clinic,2018,29,July,9,9.0,0.0,0.0,49.0,0.0,9.0,0,0.0,0.0,0.0,5,5.0,0.0,0.0,0,0.0,0.0,0.0,0,0.0,0.0,0.0,27,27.0,0.0,0.0,0,0.0,0.0,0.0,0.0,0.0,0.0,0.0,0.0,0.0,0.0,0.0,0.0,0.0,0.0,0.0,0.0,0.0,0.0,0.0,0.0,0.0,0.0,0.0,0.0,0.0,0.0,0.0,0.0,0.0,0.0,0.0,0.0,0.0,,0,0,,0,0,,0,0,0.0,0.0,0.0,0.0,1.0,0.0,0.0,0.0,0.0,1.0,1,1,0,26/07/18,26/07/18,7/27/18,T,Hamle,11,2010
22131,22131,SNNPR,Gurage,Gedebano Gutazer,2017,24,June,2,2.0,0.0,0.0,4.0,0.0,2.0,0,0.0,0.0,0.0,18,18.0,0.0,0.0,22,22.0,0.0,0.0,0,0.0,0.0,0.0,12,12.0,0.0,0.0,12,12.0,0.0,0.0,,,,0.0,0.0,0.0,0.0,0.0,0.0,0.0,0.0,0.0,0.0,0.0,0.0,0.0,0.0,0.0,0.0,0.0,0.0,0.0,0.0,0.0,0.0,0.0,0.0,0.0,0.0,0.0,,0,0,,0,0,,0,0,32.0,5.0,0.0,0.0,0.0,26.0,5.0,0.0,0.0,0.0,31,37,31,22/06/17,22/06/17,6/23/17,T,Sene,10,2009
14439,14439,Oromia,West Shewa,Ambo Hospital,2017,16,April,0,0.0,0.0,0.0,32.0,0.0,0.0,0,0.0,0.0,0.0,0,0.0,0.0,0.0,0,0.0,0.0,0.0,0,0.0,0.0,0.0,0,0.0,0.0,0.0,2,0.0,2.0,0.0,,,,0.0,0.0,0.0,0.0,0.0,0.0,0.0,0.0,0.0,0.0,0.0,0.0,0.0,0.0,0.0,0.0,0.0,0.0,0.0,0.0,0.0,0.0,0.0,0.0,0.0,0.0,0.0,,0,0,,0,0,,0,0,0.0,0.0,1.0,0.0,0.0,0.0,0.0,1.0,0.0,0.0,1,1,1,27/04/17,27/04/17,4/28/17,T,Miyazia,8,2009
17052,17052,Oromia,Bale,Dawe Qachen,2017,19,May,0,0.0,0.0,0.0,0.0,0.0,0.0,0,0.0,0.0,0.0,0,0.0,0.0,0.0,0,0.0,0.0,0.0,0,0.0,0.0,0.0,0,0.0,0.0,0.0,8,7.0,1.0,0.0,,,,0.0,0.0,0.0,0.0,0.0,0.0,0.0,0.0,0.0,0.0,0.0,0.0,0.0,0.0,0.0,0.0,0.0,0.0,0.0,0.0,0.0,0.0,0.0,0.0,0.0,0.0,0.0,,0,0,,0,0,,0,0,15.0,3.0,0.0,0.0,0.0,14.0,3.0,0.0,0.0,0.0,17,18,17,18/05/17,18/05/17,5/19/17,T,Ginbot,9,2009
127903,127903,Oromia,West Wellega,Nejo Rural,2019,16,April,3,3.0,0.0,0.0,56.0,2.0,1.0,0,0.0,0.0,0.0,2,2.0,0.0,0.0,0,0.0,0.0,0.0,0,0.0,0.0,0.0,0,0.0,0.0,0.0,0,0.0,0.0,0.0,10.0,0.0,0.0,0.0,0.0,0.0,0.0,0.0,0.0,0.0,0.0,0.0,0.0,0.0,0.0,0.0,0.0,0.0,0.0,0.0,0.0,0.0,0.0,0.0,0.0,0.0,0.0,0.0,0.0,0.0,,0,0,,0,0,,0,0,35.0,5.0,0.0,0.0,0.0,35.0,3.0,0.0,0.0,0.0,38,40,38,25/04/19,25/04/19,4/26/19,T,Miyazia,8,2011
17270,17270,Oromia,South West Shewa,St.Luke Hospital,2017,19,May,2,2.0,0.0,0.0,158.0,1.0,1.0,0,0.0,0.0,0.0,0,0.0,0.0,0.0,0,0.0,0.0,0.0,0,0.0,0.0,0.0,0,0.0,0.0,0.0,11,11.0,0.0,0.0,,,,0.0,0.0,0.0,0.0,0.0,0.0,0.0,0.0,0.0,0.0,2.0,0.0,0.0,0.0,0.0,0.0,0.0,0.0,0.0,0.0,0.0,0.0,0.0,0.0,0.0,0.0,0.0,,0,0,,0,0,,0,0,0.0,0.0,0.0,1.0,0.0,0.0,0.0,0.0,1.0,0.0,1,1,0,18/05/17,18/05/17,5/19/17,T,Ginbot,9,2009
116736,116736,SNNPR,Sidama,Yaye HSP,2019,6,February,0,0.0,0.0,0.0,0.0,0.0,0.0,0,0.0,0.0,0.0,4,4.0,0.0,0.0,60,60.0,0.0,0.0,0,0.0,0.0,0.0,41,41.0,0.0,0.0,0,0.0,0.0,0.0,0.0,0.0,,0.0,0.0,0.0,0.0,0.0,0.0,0.0,0.0,0.0,0.0,0.0,0.0,0.0,0.0,0.0,0.0,0.0,0.0,0.0,0.0,0.0,0.0,0.0,0.0,0.0,0.0,0.0,,0,0,,0,0,,0,0,0.0,0.0,1.0,0.0,0.0,0.0,0.0,1.0,0.0,0.0,1,1,1,15/02/19,15/02/19,2/15/19,T,Yekatit,6,2011
23057,23057,SNNPR,Gamo Gofa,Melekoza,2017,25,June,9,9.0,0.0,0.0,85.0,3.0,3.0,0,0.0,0.0,0.0,0,0.0,0.0,0.0,15,15.0,0.0,0.0,0,0.0,0.0,0.0,4,4.0,0.0,0.0,7,3.0,4.0,0.0,,,,0.0,0.0,0.0,0.0,0.0,0.0,0.0,0.0,0.0,0.0,0.0,0.0,0.0,0.0,0.0,0.0,0.0,0.0,0.0,0.0,0.0,0.0,0.0,0.0,0.0,0.0,0.0,,0,0,,0,0,,0,0,37.0,5.0,0.0,0.0,0.0,37.0,5.0,0.0,0.0,0.0,42,42,42,29/06/17,29/06/17,6/30/17,T,Sene,10,2009
18923,18923,SNNPR,Hawassa Town,Alatyo HSP,2017,21,May,1,1.0,0.0,0.0,21.0,0.0,1.0,0,0.0,0.0,0.0,0,0.0,0.0,0.0,8,8.0,0.0,0.0,0,0.0,0.0,0.0,12,12.0,0.0,0.0,0,0.0,0.0,0.0,,,,0.0,0.0,0.0,0.0,0.0,0.0,0.0,0.0,0.0,0.0,0.0,0.0,0.0,0.0,0.0,0.0,0.0,0.0,0.0,0.0,0.0,0.0,0.0,0.0,0.0,0.0,0.0,,0,0,,0,0,,0,0,0.0,0.0,0.0,0.0,1.0,0.0,0.0,0.0,0.0,1.0,1,1,0,2/6/17,2/6/17,6/2/17,T,Ginbot,9,2009
52057,52057,SNNPR,Kefa,Bita,2018,1,January,2,2.0,0.0,0.0,11.0,1.0,1.0,0,0.0,0.0,0.0,0,0.0,0.0,0.0,17,17.0,0.0,0.0,0,0.0,0.0,0.0,0,0.0,0.0,0.0,0,0.0,0.0,0.0,0.0,0.0,0.0,0.0,0.0,0.0,0.0,0.0,0.0,0.0,0.0,0.0,0.0,0.0,0.0,0.0,0.0,0.0,0.0,0.0,0.0,0.0,0.0,0.0,0.0,0.0,0.0,0.0,0.0,0.0,,0,0,,0,0,,0,0,24.0,4.0,0.0,0.0,2.0,24.0,4.0,0.0,0.0,0.0,28,30,28,12/1/18,12/1/18,1/12/18,T,Tir,5,2010
3632,3632,Amhara,Oromiya,Jile Timuga,2017,5,February,9,9.0,0.0,0.0,318.0,5.0,4.0,0,0.0,0.0,0.0,6,6.0,0.0,0.0,0,0.0,0.0,0.0,0,0.0,0.0,0.0,0,0.0,0.0,0.0,5,5.0,0.0,0.0,,,,0.0,0.0,0.0,0.0,,,0.0,0.0,0.0,0.0,0.0,0.0,0.0,0.0,0.0,0.0,0.0,0.0,0.0,0.0,0.0,0.0,0.0,0.0,0.0,0.0,1.0,,0,0,,0,0,,0,0,19.0,4.0,0.0,0.0,5.0,19.0,4.0,0.0,0.0,5.0,28,28,23,9/2/17,9/2/17,2/10/17,T,Yekatit,6,2009
92997,92997,Somali,Liben,Filtu,2018,37,September,18,18.0,0.0,0.0,10.0,8.0,2.0,0,0.0,0.0,0.0,2,2.0,0.0,0.0,0,0.0,0.0,0.0,0,0.0,0.0,0.0,0,0.0,0.0,0.0,20,20.0,0.0,0.0,0.0,0.0,0.0,0.0,0.0,0.0,0.0,0.0,0.0,0.0,0.0,0.0,0.0,0.0,,,0.0,,,0.0,,,0.0,,,0.0,,,,,,0,0,,0,0,,0,0,25.0,3.0,0.0,0.0,0.0,25.0,3.0,0.0,0.0,0.0,28,28,28,23/09/18,23/09/18,9/21/18,L,Meskerem,1,2011
23374,23374,Afar,Zone 03,Bure Modayitu,2017,26,June,15,15.0,0.0,0.0,38.0,9.0,2.0,0,0.0,0.0,0.0,6,6.0,0.0,0.0,7,7.0,0.0,0.0,0,0.0,0.0,0.0,0,0.0,0.0,0.0,5,5.0,0.0,0.0,,,,0.0,0.0,0.0,0.0,0.0,0.0,0.0,0.0,0.0,0.0,0.0,0.0,0.0,0.0,0.0,0.0,0.0,,0.0,0.0,0.0,0.0,0.0,0.0,0.0,0.0,0.0,,0,0,,0,0,,0,0,4.0,3.0,,,,3.0,2.0,,,,5,7,5,7/7/17,7/7/17,7/7/17,T,Sene,10,2009
72321,72321,Somali,Afder,ElKare,2018,19,May,40,40.0,0.0,0.0,22.0,18.0,1.0,0,0.0,0.0,0.0,30,30.0,0.0,0.0,5,5.0,0.0,0.0,0,0.0,0.0,0.0,0,0.0,0.0,0.0,45,45.0,0.0,0.0,0.0,0.0,0.0,0.0,0.0,0.0,0.0,0.0,0.0,0.0,0.0,0.0,0.0,0.0,0.0,0.0,0.0,0.0,0.0,0.0,0.0,0.0,0.0,0.0,0.0,0.0,0.0,0.0,0.0,0.0,,0,0,,0,0,,0,0,6.0,2.0,0.0,0.0,0.0,6.0,2.0,0.0,0.0,0.0,8,8,8,18/05/18,18/05/18,5/18/18,T,Ginbot,9,2010
74606,74606,Addis Ababa,Addis Ketema,Addis Ketema Woreda07,2018,22,May,3,3.0,0.0,0.0,3.0,3.0,0.0,0,0.0,0.0,0.0,3,3.0,0.0,0.0,38,38.0,0.0,0.0,1,0.0,1.0,0.0,30,30.0,0.0,0.0,1,1.0,0.0,0.0,1.0,0.0,0.0,0.0,0.0,0.0,0.0,0.0,0.0,0.0,0.0,0.0,0.0,0.0,0.0,0.0,0.0,0.0,0.0,0.0,0.0,0.0,0.0,0.0,0.0,0.0,0.0,0.0,0.0,0.0,,0,0,,0,0,,0,0,0.0,1.0,0.0,0.0,7.0,1.0,0.0,0.0,0.0,6.0,7,8,1,7/6/18,7/6/18,6/8/18,T,Ginbot,9,2010
115731,115731,SNNPR,South Omo,South Ari,2019,5,January,71,71.0,0.0,0.0,127.0,51.0,19.0,0,0.0,0.0,0.0,0,0.0,0.0,0.0,12,12.0,0.0,0.0,0,0.0,0.0,0.0,0,0.0,0.0,0.0,8,5.0,3.0,0.0,0.0,0.0,,0.0,0.0,0.0,0.0,0.0,0.0,0.0,0.0,0.0,0.0,0.0,0.0,0.0,0.0,0.0,0.0,0.0,0.0,0.0,0.0,0.0,0.0,0.0,0.0,0.0,0.0,0.0,,0,0,,0,0,,0,0,46.0,9.0,0.0,0.0,0.0,46.0,9.0,0.0,,,55,55,55,7/2/19,7/2/19,2/8/19,T,Tir,5,2011
26447,26447,Amhara,North Shewa,Ataye Hospital,2017,29,July,20,20.0,0.0,0.0,137.0,12.0,8.0,1,1.0,0.0,0.0,0,0.0,0.0,0.0,7,7.0,0.0,0.0,0,0.0,0.0,0.0,0,0.0,0.0,0.0,0,0.0,0.0,0.0,,,,0.0,0.0,0.0,0.0,,,0.0,0.0,0.0,0.0,0.0,0.0,0.0,0.0,0.0,0.0,0.0,0.0,0.0,0.0,0.0,0.0,0.0,0.0,0.0,0.0,0.0,,0,0,,0,0,,0,0,0.0,0.0,1.0,0.0,0.0,0.0,0.0,1.0,0.0,0.0,1,1,1,27/07/17,27/07/17,7/28/17,T,Hamle,11,2009
55644,55644,Oromia,Bale,Seweyna,2018,5,February,0,0.0,0.0,0.0,7.0,0.0,0.0,0,0.0,0.0,0.0,0,0.0,0.0,0.0,2,2.0,0.0,0.0,0,0.0,0.0,0.0,0,0.0,0.0,0.0,20,20.0,0.0,0.0,0.0,0.0,0.0,0.0,0.0,0.0,0.0,0.0,0.0,0.0,0.0,0.0,0.0,0.0,0.0,0.0,0.0,0.0,0.0,0.0,0.0,0.0,0.0,0.0,0.0,0.0,0.0,0.0,0.0,0.0,,0,0,,0,0,,0,0,30.0,5.0,0.0,0.0,0.0,29.0,5.0,0.0,0.0,0.0,34,35,34,8/2/18,8/2/18,2/9/18,T,Yekatit,6,2010
129889,129889,Oromia,Buno Bedele,Meko,2019,18,May,0,0.0,0.0,0.0,8.0,0.0,0.0,0,0.0,0.0,0.0,13,13.0,0.0,0.0,0,0.0,0.0,0.0,0,0.0,0.0,0.0,0,0.0,0.0,0.0,3,3.0,0.0,0.0,0.0,0.0,0.0,0.0,0.0,0.0,0.0,0.0,0.0,0.0,0.0,0.0,0.0,0.0,0.0,0.0,0.0,0.0,0.0,0.0,0.0,0.0,0.0,0.0,0.0,0.0,0.0,0.0,0.0,0.0,,0,0,,0,0,,0,0,12.0,1.0,0.0,0.0,0.0,12.0,1.0,0.0,0.0,0.0,13,13,13,9/5/19,9/5/19,5/10/19,T,Ginbot,9,2011
14331,14331,Oromia,Jimma,Mancho,2017,16,April,1,1.0,0.0,0.0,24.0,1.0,0.0,0,0.0,0.0,0.0,5,5.0,0.0,0.0,2,2.0,0.0,0.0,0,0.0,0.0,0.0,0,0.0,0.0,0.0,9,9.0,0.0,0.0,,,,0.0,0.0,0.0,0.0,0.0,0.0,0.0,0.0,0.0,0.0,0.0,0.0,0.0,0.0,0.0,0.0,0.0,0.0,0.0,0.0,0.0,0.0,0.0,0.0,0.0,0.0,0.0,,0,0,,0,0,,0,0,20.0,6.0,0.0,0.0,0.0,20.0,6.0,0.0,0.0,0.0,26,26,26,27/04/17,27/04/17,4/28/17,T,Miyazia,8,2009
96183,96183,SNNPR,Gedeo,Bule,2018,40,October,0,0.0,0.0,0.0,0.0,0.0,0.0,0,0.0,0.0,0.0,3,3.0,0.0,0.0,46,46.0,0.0,0.0,0,0.0,0.0,0.0,0,0.0,0.0,0.0,60,51.0,9.0,0.0,0.0,,0.0,0.0,0.0,0.0,0.0,0.0,0.0,0.0,0.0,0.0,0.0,0.0,0.0,0.0,0.0,0.0,0.0,0.0,0.0,0.0,0.0,0.0,0.0,0.0,0.0,0.0,0.0,0.0,,0,0,,0,0,,0,0,29.0,5.0,0.0,0.0,0.0,29.0,5.0,0.0,0.0,0.0,34,34,34,11/10/18,11/10/18,10/12/18,T,Teqemt,2,2011
2711,2711,Amhara,East Gojjam,Motta Hospital,2017,4,January,1,1.0,0.0,0.0,52.0,0.0,0.0,1,0.0,1.0,0.0,0,0.0,0.0,0.0,2,2.0,0.0,0.0,0,0.0,0.0,0.0,0,0.0,0.0,0.0,3,1.0,2.0,0.0,,,,0.0,0.0,0.0,0.0,,,0.0,0.0,0.0,0.0,0.0,0.0,0.0,0.0,0.0,0.0,0.0,0.0,0.0,0.0,0.0,0.0,0.0,0.0,0.0,0.0,0.0,,0,0,,0,0,,0,0,0.0,0.0,1.0,0.0,0.0,0.0,0.0,1.0,0.0,0.0,1,1,1,2/2/17,2/2/17,2/3/17,T,Tir,5,2009
62304,62304,Amhara,East Gojjam,Dejen,2018,11,March,15,15.0,0.0,0.0,37.0,1.0,14.0,0,0.0,0.0,0.0,3,3.0,0.0,0.0,12,12.0,0.0,0.0,0,0.0,0.0,0.0,13,13.0,0.0,0.0,0,0.0,0.0,0.0,0.0,,0.0,0.0,0.0,0.0,0.0,,,0.0,0.0,0.0,0.0,0.0,0.0,0.0,0.0,0.0,0.0,0.0,0.0,0.0,0.0,0.0,0.0,0.0,0.0,0.0,0.0,0.0,,0,0,,0,0,,0,0,21.0,5.0,1.0,0.0,1.0,21.0,5.0,1.0,0.0,1.0,28,28,27,23/03/18,23/03/18,3/23/18,T,Megabit,7,2010
137384,137384,Amhara,Awi,Injebra,2019,25,June,3,3.0,0.0,0.0,76.0,3.0,0.0,0,0.0,0.0,0.0,9,9.0,0.0,0.0,0,0.0,0.0,0.0,0,0.0,0.0,0.0,135,135.0,0.0,0.0,0,0.0,0.0,0.0,0.0,0.0,,0.0,0.0,0.0,0.0,,,0.0,0.0,0.0,0.0,0.0,0.0,0.0,0.0,0.0,0.0,0.0,0.0,0.0,0.0,0.0,0.0,0.0,0.0,0.0,0.0,0.0,,0,0,,0,0,,0,0,1.0,1.0,1.0,0.0,5.0,1.0,1.0,1.0,0.0,5.0,8,8,3,27/06/19,27/06/19,6/28/19,T,Sene,10,2011
31699,31699,Oromia,Borena,Yabelo Hospital,2017,34,August,4,4.0,0.0,0.0,10.0,2.0,2.0,0,0.0,0.0,0.0,0,0.0,0.0,0.0,0,0.0,0.0,0.0,0,0.0,0.0,0.0,0,0.0,0.0,0.0,2,1.0,1.0,2.0,,,,0.0,0.0,0.0,0.0,0.0,0.0,0.0,0.0,0.0,0.0,0.0,0.0,0.0,0.0,0.0,0.0,0.0,0.0,0.0,0.0,0.0,0.0,0.0,0.0,0.0,0.0,0.0,,0,0,,0,0,,0,0,0.0,0.0,1.0,0.0,0.0,0.0,0.0,1.0,0.0,0.0,1,1,1,31/08/17,31/08/17,9/1/17,T,Nehase,12,2009
103090,103090,SNNPR,Sidama,Leku Hospital,2018,46,November,0,0.0,0.0,0.0,130.0,0.0,0.0,0,0.0,0.0,0.0,0,0.0,0.0,0.0,32,32.0,0.0,0.0,0,0.0,0.0,0.0,27,27.0,0.0,0.0,1,0.0,1.0,0.0,0.0,,0.0,0.0,0.0,0.0,0.0,0.0,0.0,0.0,0.0,0.0,0.0,0.0,0.0,0.0,0.0,0.0,0.0,0.0,0.0,0.0,0.0,0.0,0.0,0.0,0.0,0.0,0.0,0.0,,0,0,,0,0,,0,0,0.0,0.0,1.0,0.0,0.0,0.0,0.0,1.0,,0.0,1,1,1,24/11/18,24/11/18,11/23/18,L,Hedar,3,2011
119662,119662,Oromia,West Arsi,Dodola  Hospital,2019,9,February,0,0.0,0.0,0.0,0.0,0.0,0.0,0,0.0,0.0,0.0,0,0.0,0.0,0.0,0,0.0,0.0,0.0,0,0.0,0.0,0.0,0,0.0,0.0,0.0,0,0.0,0.0,0.0,0.0,0.0,0.0,0.0,0.0,0.0,0.0,0.0,0.0,0.0,0.0,0.0,0.0,0.0,0.0,0.0,0.0,0.0,0.0,0.0,0.0,0.0,0.0,0.0,0.0,0.0,0.0,0.0,0.0,1.0,,0,0,,0,0,,0,0,0.0,0.0,1.0,0.0,0.0,0.0,0.0,1.0,0.0,0.0,1,1,1,7/3/19,7/3/19,3/8/19,T,Yekatit,6,2011
96194,96194,SNNPR,Gurage,Butajira Hospital,2018,40,October,0,0.0,0.0,0.0,64.0,0.0,0.0,0,0.0,0.0,0.0,0,0.0,0.0,0.0,14,14.0,0.0,0.0,0,0.0,0.0,0.0,31,31.0,0.0,0.0,3,0.0,3.0,0.0,0.0,,0.0,0.0,0.0,0.0,0.0,0.0,0.0,0.0,0.0,0.0,0.0,0.0,0.0,0.0,0.0,0.0,0.0,0.0,0.0,0.0,0.0,0.0,0.0,0.0,0.0,0.0,0.0,0.0,,0,0,,0,0,,0,0,0.0,0.0,1.0,0.0,0.0,0.0,0.0,1.0,0.0,0.0,1,1,1,11/10/18,11/10/18,10/12/18,T,Teqemt,2,2011
25593,25593,Benishangul-Gumuz,Kamashi,Kamashi,2017,28,July,63,63.0,0.0,0.0,237.0,56.0,7.0,0,0.0,0.0,0.0,5,5.0,0.0,0.0,70,70.0,0.0,0.0,0,0.0,0.0,0.0,0,0.0,0.0,0.0,0,0.0,0.0,0.0,,,,0.0,0.0,0.0,0.0,0.0,0.0,0.0,0.0,0.0,0.0,0.0,0.0,0.0,0.0,0.0,0.0,0.0,0.0,0.0,0.0,0.0,0.0,0.0,0.0,0.0,0.0,0.0,,0,0,,0,0,,0,0,11.0,1.0,0.0,0.0,0.0,10.0,1.0,0.0,0.0,0.0,11,12,11,20/07/17,20/07/17,7/21/17,T,Hamle,11,2009
101967,101967,Somali,Afder,Godgod,2018,44,November,9,9.0,0.0,0.0,0.0,0.0,0.0,0,0.0,0.0,0.0,12,12.0,0.0,0.0,6,6.0,0.0,0.0,0,0.0,0.0,0.0,0,0.0,0.0,0.0,0,0.0,0.0,0.0,0.0,0.0,0.0,0.0,0.0,0.0,0.0,0.0,0.0,0.0,0.0,0.0,0.0,0.0,0.0,0.0,0.0,0.0,0.0,0.0,0.0,0.0,0.0,0.0,0.0,0.0,0.0,0.0,0.0,0.0,,0,0,,0,0,,0,0,0.0,1.0,0.0,0.0,0.0,3.0,1.0,0.0,0.0,0.0,4,1,4,19/11/18,19/11/18,11/9/18,L,Hedar,3,2011
74025,74025,Oromia,East Hararge,Gursum,2018,21,May,0,0.0,0.0,0.0,18.0,0.0,0.0,0,0.0,0.0,0.0,16,16.0,0.0,0.0,6,6.0,0.0,0.0,0,0.0,0.0,0.0,0,0.0,0.0,0.0,40,37.0,3.0,0.0,0.0,0.0,0.0,0.0,0.0,0.0,0.0,0.0,0.0,0.0,0.0,0.0,0.0,0.0,0.0,0.0,0.0,0.0,0.0,0.0,0.0,0.0,0.0,0.0,0.0,0.0,0.0,0.0,0.0,0.0,,0,0,,0,0,,0,0,42.0,7.0,0.0,0.0,3.0,31.0,6.0,0.0,0.0,2.0,39,52,37,31/05/18,31/05/18,6/1/18,T,Ginbot,9,2010
124240,124240,Oromia,Horo Gudru Wellega,Hababo Guduru,2019,13,March,2,2.0,0.0,0.0,24.0,1.0,1.0,0,0.0,0.0,0.0,1,1.0,0.0,0.0,40,40.0,0.0,0.0,0,0.0,0.0,0.0,0,0.0,0.0,0.0,0,0.0,0.0,0.0,17.0,0.0,0.0,0.0,0.0,0.0,0.0,0.0,0.0,0.0,0.0,0.0,0.0,0.0,0.0,0.0,0.0,0.0,0.0,0.0,0.0,0.0,0.0,0.0,0.0,0.0,0.0,0.0,0.0,0.0,,0,0,,0,0,,0,0,12.0,4.0,0.0,0.0,0.0,12.0,4.0,0.0,0.0,0.0,16,16,16,4/4/19,4/4/19,4/5/19,T,Megabit,7,2011
49116,49116,Amhara,West Gojjam,South Achefer,2017,51,December,23,23.0,0.0,0.0,375.0,10.0,13.0,0,0.0,0.0,0.0,20,20.0,0.0,0.0,0,0.0,0.0,0.0,0,0.0,0.0,0.0,0,0.0,0.0,0.0,0,0.0,0.0,0.0,,,,0.0,0.0,0.0,0.0,,,0.0,0.0,0.0,0.0,0.0,0.0,0.0,0.0,0.0,0.0,0.0,0.0,0.0,0.0,0.0,0.0,0.0,0.0,0.0,0.0,0.0,,0,0,,0,0,,0,0,18.0,8.0,1.0,0.0,2.0,18.0,8.0,1.0,0.0,2.0,29,29,27,28/12/17,28/12/17,12/29/17,T,Tahesas,4,2010
93587,93587,Oromia,Jimma,Limu Kosa,2018,38,September,16,16.0,0.0,0.0,107.0,6.0,10.0,0,0.0,0.0,0.0,0,0.0,0.0,0.0,0,0.0,0.0,0.0,0,0.0,0.0,0.0,0,0.0,0.0,0.0,2,2.0,0.0,0.0,0.0,0.0,0.0,0.0,0.0,0.0,0.0,0.0,0.0,0.0,0.0,0.0,0.0,4.0,0.0,0.0,0.0,0.0,0.0,0.0,0.0,0.0,0.0,0.0,0.0,0.0,0.0,0.0,0.0,0.0,,0,0,,0,0,,0,0,44.0,8.0,0.0,0.0,1.0,43.0,8.0,0.0,0.0,0.0,51,53,51,28/09/18,28/09/18,9/28/18,T,Meskerem,1,2011
111718,111718,Oromia,East Shewa,Adami Tulu Jido Kombolcha,2019,2,January,18,18.0,0.0,0.0,242.0,15.0,3.0,0,0.0,0.0,0.0,12,12.0,0.0,0.0,65,65.0,0.0,0.0,0,0.0,0.0,0.0,56,56.0,0.0,0.0,21,21.0,0.0,0.0,128.0,0.0,0.0,0.0,0.0,0.0,0.0,0.0,0.0,0.0,0.0,0.0,0.0,0.0,0.0,0.0,0.0,0.0,0.0,0.0,0.0,0.0,0.0,0.0,0.0,0.0,0.0,0.0,0.0,0.0,,0,0,,0,0,,0,0,43.0,10.0,0.0,0.0,1.0,43.0,8.0,0.0,0.0,1.0,52,54,51,17/01/19,17/01/19,1/18/19,T,Tir,5,2011
78531,78531,SNNPR,Sidama,Chuko,2018,25,June,7,7.0,0.0,0.0,130.0,3.0,4.0,0,0.0,0.0,0.0,4,4.0,0.0,0.0,44,44.0,0.0,0.0,0,0.0,0.0,0.0,12,12.0,0.0,0.0,9,9.0,0.0,0.0,0.0,,,0.0,0.0,0.0,0.0,0.0,0.0,0.0,0.0,0.0,0.0,0.0,0.0,0.0,0.0,0.0,0.0,0.0,0.0,0.0,0.0,0.0,0.0,0.0,0.0,0.0,0.0,0.0,,0,0,,0,0,,0,0,26.0,7.0,0.0,0.0,4.0,26.0,7.0,1.0,,,34,37,34,28/06/18,28/06/18,6/29/18,T,Sene,10,2010
101564,101564,Oromia,West Arsi,Dodola Rural,2018,45,November,0,0.0,0.0,0.0,0.0,0.0,0.0,0,0.0,0.0,0.0,1,1.0,0.0,0.0,7,7.0,0.0,0.0,0,0.0,0.0,0.0,0,0.0,0.0,0.0,2,2.0,0.0,0.0,0.0,0.0,0.0,0.0,0.0,0.0,0.0,0.0,0.0,0.0,0.0,0.0,0.0,0.0,0.0,0.0,0.0,0.0,0.0,0.0,0.0,0.0,0.0,0.0,0.0,0.0,0.0,0.0,0.0,0.0,,0,0,,0,0,,0,0,23.0,7.0,0.0,0.0,0.0,23.0,7.0,0.0,0.0,0.0,30,30,30,15/11/18,15/11/18,11/16/18,T,Hedar,3,2011
131318,131318,Afar,Zone 05,Hadeleala,2019,19,May,0,,,,,,,0,,,,0,,,,0,,,,0,,,,0,,,,0,,,,0.0,0.0,0.0,0.0,0.0,0.0,0.0,0.0,0.0,0.0,0.0,0.0,0.0,0.0,0.0,0.0,0.0,0.0,0.0,0.0,0.0,0.0,0.0,0.0,0.0,0.0,0.0,0.0,0.0,0.0,,0,0,,0,0,,0,0,9.0,3.0,,,,,,,,,0,12,0,20/05/19,20/05/19,43602,L,Ginbot,9,2011
41904,41904,Oromia,West Arsi,Siraro,2017,44,November,30,30.0,0.0,0.0,63.0,6.0,24.0,0,0.0,0.0,0.0,5,5.0,0.0,0.0,0,0.0,0.0,0.0,0,0.0,0.0,0.0,0,0.0,0.0,0.0,50,48.0,2.0,0.0,,,,0.0,0.0,0.0,0.0,0.0,0.0,0.0,0.0,0.0,0.0,0.0,0.0,0.0,0.0,0.0,0.0,0.0,0.0,0.0,0.0,0.0,0.0,0.0,0.0,0.0,0.0,0.0,,0,0,,0,0,,0,0,28.0,6.0,0.0,0.0,0.0,25.0,5.0,0.0,0.0,0.0,30,34,30,9/11/17,9/11/17,11/10/17,T,Hedar,3,2010
87044,87044,Addis Ababa,Kolfe Keraniyo,Kolfe Keraniyo Woreda08,2018,33,August,0,0.0,0.0,0.0,3.0,0.0,0.0,0,0.0,0.0,0.0,2,2.0,0.0,0.0,82,82.0,0.0,0.0,0,0.0,0.0,0.0,31,31.0,0.0,0.0,1,1.0,0.0,0.0,8.0,0.0,0.0,0.0,0.0,0.0,0.0,0.0,0.0,0.0,0.0,0.0,0.0,0.0,0.0,0.0,0.0,0.0,0.0,0.0,0.0,0.0,0.0,0.0,0.0,0.0,0.0,0.0,0.0,0.0,,0,0,,0,0,,0,0,0.0,1.0,0.0,0.0,6.0,0.0,1.0,0.0,0.0,6.0,7,7,1,23/08/18,23/08/18,8/24/18,T,Nehase,12,2010
102811,102811,Oromia,South West Shewa,Bantu  Hospital,2018,46,November,0,,,,,,,0,,,,0,,,,0,,,,0,,,,0,,,,0,,,,,,,,,,,,,,,,,,,,,,,,,,,,,,,,,,,0,0,,0,0,,0,0,0.0,0.0,1.0,0.0,0.0,,,,,,0,1,0,22/11/18,22/11/18,11/23/18,T,Hedar,3,2011
122695,122695,Amhara,Centeral  Gondar,Alefa,2019,12,March,81,81.0,0.0,0.0,323.0,66.0,15.0,0,0.0,0.0,0.0,5,5.0,0.0,0.0,0,0.0,0.0,0.0,0,0.0,0.0,0.0,0,0.0,0.0,0.0,2,2.0,0.0,0.0,9.0,0.0,,0.0,0.0,0.0,0.0,,,0.0,0.0,0.0,0.0,0.0,0.0,0.0,0.0,0.0,0.0,,0.0,0.0,0.0,0.0,0.0,0.0,0.0,0.0,0.0,0.0,,0,0,,0,0,,0,0,36.0,5.0,0.0,0.0,2.0,36.0,5.0,0.0,0.0,0.0,41,43,41,28/03/19,28/03/19,3/29/19,T,Megabit,7,2011
6347,6347,Tigray,Western Tigray,Humera Town,2017,7,February,33,31.0,2.0,0.0,396.0,19.0,12.0,0,0.0,0.0,0.0,6,6.0,0.0,0.0,28,28.0,0.0,0.0,0,0.0,0.0,0.0,0,0.0,0.0,0.0,0,0.0,0.0,0.0,,,,0.0,0.0,0.0,0.0,,,0.0,0.0,0.0,0.0,0.0,0.0,0.0,0.0,0.0,0.0,0.0,0.0,0.0,0.0,0.0,0.0,0.0,0.0,0.0,0.0,0.0,,0,0,,0,0,,0,0,0.0,1.0,1.0,0.0,3.0,0.0,1.0,1.0,0.0,3.0,5,5,2,23/02/17,23/02/17,2/24/17,T,Yekatit,6,2009
45752,45752,Oromia,Guji,Hambela Wamena,2017,48,November,0,0.0,0.0,0.0,0.0,0.0,0.0,0,0.0,0.0,0.0,1,1.0,0.0,0.0,24,24.0,0.0,0.0,0,0.0,0.0,0.0,2,2.0,0.0,0.0,9,9.0,0.0,0.0,,,,0.0,0.0,0.0,0.0,0.0,0.0,0.0,0.0,0.0,0.0,0.0,0.0,0.0,0.0,0.0,0.0,0.0,0.0,0.0,0.0,0.0,0.0,0.0,0.0,0.0,0.0,0.0,,0,0,,0,0,,0,0,18.0,4.0,0.0,0.0,0.0,18.0,4.0,0.0,0.0,0.0,22,22,22,7/12/17,7/12/17,12/8/17,T,Hedar,3,2010
87763,87763,SNNPR,Gurage,Kebena,2018,33,August,1,1.0,0.0,0.0,56.0,0.0,1.0,0,0.0,0.0,0.0,0,0.0,0.0,0.0,0,0.0,0.0,0.0,0,0.0,0.0,0.0,0,0.0,0.0,0.0,0,0.0,0.0,0.0,0.0,,0.0,0.0,0.0,0.0,0.0,0.0,0.0,0.0,0.0,0.0,0.0,0.0,0.0,0.0,0.0,0.0,0.0,0.0,0.0,0.0,0.0,0.0,0.0,0.0,0.0,0.0,0.0,0.0,,0,0,,0,0,,0,0,23.0,3.0,0.0,0.0,0.0,23.0,3.0,0.0,0.0,,26,26,26,23/08/18,23/08/18,8/24/18,T,Nehase,12,2010
3753,3753,Oromia,Arsi,Seru,2017,5,February,0,0.0,0.0,0.0,3.0,0.0,0.0,0,0.0,0.0,0.0,2,2.0,0.0,0.0,4,4.0,0.0,0.0,0,0.0,0.0,0.0,0,0.0,0.0,0.0,3,3.0,0.0,0.0,,,,0.0,0.0,0.0,0.0,0.0,0.0,0.0,0.0,0.0,0.0,0.0,0.0,0.0,0.0,0.0,0.0,0.0,0.0,0.0,0.0,0.0,0.0,0.0,0.0,0.0,0.0,0.0,,0,0,,0,0,,0,0,14.0,2.0,0.0,0.0,0.0,13.0,2.0,0.0,0.0,0.0,15,16,15,9/2/17,9/2/17,2/10/17,T,Yekatit,6,2009
104117,104117,SNNPR,Gamo Gofa,Boreda,2018,47,November,14,14.0,0.0,0.0,333.0,8.0,6.0,0,0.0,0.0,0.0,0,0.0,0.0,0.0,138,138.0,0.0,0.0,0,0.0,0.0,0.0,132,132.0,0.0,0.0,1,1.0,0.0,0.0,0.0,0.0,,0.0,0.0,0.0,0.0,0.0,0.0,0.0,0.0,0.0,0.0,0.0,0.0,0.0,0.0,0.0,0.0,0.0,0.0,0.0,0.0,0.0,0.0,0.0,0.0,0.0,0.0,0.0,,0,0,,0,0,,0,0,28.0,4.0,0.0,0.0,0.0,28.0,4.0,0.0,0.0,0.0,32,32,32,29/11/18,29/11/18,11/30/18,T,Hedar,3,2011
28650,28650,Dire Dawa,Dredewa,Sabian,2017,31,August,10,10.0,0.0,0.0,71.0,6.0,4.0,0,0.0,0.0,0.0,1,1.0,0.0,0.0,0,0.0,0.0,0.0,0,0.0,0.0,0.0,0,0.0,0.0,0.0,2,2.0,0.0,0.0,,,,0.0,0.0,0.0,0.0,0.0,0.0,0.0,0.0,0.0,0.0,0.0,0.0,0.0,0.0,0.0,0.0,0.0,0.0,0.0,0.0,0.0,0.0,0.0,0.0,0.0,0.0,0.0,,0,0,,0,0,,0,0,1.0,1.0,0.0,0.0,0.0,1.0,1.0,0.0,0.0,0.0,2,2,2,10/8/17,10/8/17,8/11/17,T,Nehase,12,2009
96170,96170,SNNPR,Gamo Gofa,Denibu Gofa,2018,40,October,9,9.0,0.0,0.0,51.0,7.0,0.0,0,0.0,0.0,0.0,0,0.0,0.0,0.0,5,5.0,0.0,0.0,0,0.0,0.0,0.0,0,0.0,0.0,0.0,0,0.0,0.0,0.0,0.0,,0.0,0.0,0.0,0.0,0.0,0.0,0.0,0.0,0.0,0.0,0.0,0.0,0.0,0.0,0.0,0.0,0.0,0.0,0.0,0.0,0.0,0.0,0.0,0.0,0.0,0.0,0.0,0.0,,0,0,,0,0,,0,0,38.0,4.0,0.0,0.0,0.0,38.0,4.0,0.0,0.0,0.0,42,42,42,11/10/18,11/10/18,10/12/18,T,Teqemt,2,2011
86973,86973,Addis Ababa,Addis Ketema,Addis Ketema Woreda10,2018,33,August,0,0.0,0.0,0.0,0.0,0.0,0.0,0,0.0,0.0,0.0,0,0.0,0.0,0.0,19,19.0,0.0,0.0,0,0.0,0.0,0.0,16,16.0,0.0,0.0,0,0.0,0.0,0.0,4.0,0.0,0.0,0.0,0.0,0.0,0.0,0.0,0.0,0.0,0.0,0.0,0.0,0.0,0.0,0.0,0.0,0.0,0.0,0.0,0.0,0.0,0.0,0.0,0.0,0.0,0.0,0.0,0.0,0.0,,0,0,,0,0,,0,0,0.0,1.0,0.0,1.0,4.0,0.0,1.0,0.0,1.0,3.0,5,6,1,23/08/18,23/08/18,8/24/18,T,Nehase,12,2010
101871,101871,SNNPR,Wolayita,Sodo Cristian  Hospital,2018,45,November,1,0.0,1.0,0.0,53.0,1.0,0.0,0,0.0,0.0,0.0,0,0.0,0.0,0.0,0,0.0,0.0,0.0,0,0.0,0.0,0.0,0,0.0,0.0,0.0,0,0.0,0.0,0.0,0.0,0.0,,0.0,0.0,0.0,0.0,0.0,0.0,0.0,0.0,0.0,0.0,0.0,0.0,0.0,0.0,0.0,0.0,0.0,0.0,0.0,0.0,0.0,0.0,0.0,0.0,0.0,0.0,0.0,,0,0,,0,0,,0,0,0.0,0.0,0.0,1.0,0.0,0.0,0.0,0.0,1.0,0.0,1,1,0,16/11/18,16/11/18,11/16/18,T,Hedar,3,2011
135120,135120,Afar,Zone 01,Afambo,2019,22,May,11,11.0,0.0,0.0,40.0,8.0,3.0,0,0.0,0.0,0.0,0,0.0,0.0,0.0,3,3.0,0.0,0.0,0,0.0,0.0,0.0,0,0.0,0.0,0.0,19,12.0,7.0,0.0,0.0,0.0,0.0,0.0,0.0,0.0,0.0,0.0,0.0,0.0,0.0,0.0,0.0,0.0,0.0,0.0,0.0,0.0,0.0,0.0,0.0,0.0,0.0,0.0,0.0,0.0,0.0,0.0,0.0,0.0,,0,0,,0,0,,0,0,11.0,2.0,,,,11.0,2.0,,,,13,13,13,14/06/19,14/06/19,6/7/19,L,Ginbot,9,2011
25931,25931,Oromia,west Guji,Suro barguda,2017,28,July,39,39.0,0.0,0.0,75.0,27.0,12.0,0,0.0,0.0,0.0,1,1.0,0.0,0.0,2,2.0,0.0,0.0,0,0.0,0.0,0.0,1,1.0,0.0,0.0,4,4.0,0.0,0.0,,,,0.0,0.0,0.0,0.0,0.0,0.0,0.0,0.0,0.0,0.0,0.0,0.0,0.0,0.0,0.0,0.0,0.0,0.0,0.0,0.0,0.0,0.0,0.0,0.0,0.0,0.0,0.0,,0,0,,0,0,,0,0,10.0,3.0,0.0,0.0,0.0,6.0,2.0,0.0,0.0,0.0,8,13,8,20/07/17,20/07/17,7/21/17,T,Hamle,11,2009
100040,100040,Amhara,Awi,Chagni,2018,44,November,65,61.0,4.0,0.0,693.0,50.0,15.0,0,0.0,0.0,0.0,0,0.0,0.0,0.0,86,85.0,1.0,0.0,0,0.0,0.0,0.0,61,61.0,0.0,0.0,2,2.0,0.0,0.0,49.0,,0.0,0.0,0.0,0.0,0.0,,,0.0,0.0,0.0,0.0,0.0,0.0,0.0,0.0,0.0,0.0,0.0,0.0,0.0,0.0,0.0,0.0,0.0,0.0,0.0,0.0,0.0,,0,0,,0,0,,0,0,1.0,1.0,1.0,0.0,5.0,1.0,1.0,1.0,0.0,5.0,8,8,3,8/11/18,8/11/18,11/9/18,T,Hedar,3,2011
61183,61183,Amhara,East Gojjam,Bibugn,2018,10,March,4,4.0,0.0,0.0,33.0,0.0,4.0,0,0.0,0.0,0.0,3,3.0,0.0,0.0,19,19.0,0.0,0.0,0,0.0,0.0,0.0,18,18.0,0.0,0.0,0,0.0,0.0,0.0,6.0,0.0,,0.0,0.0,0.0,0.0,,,0.0,0.0,0.0,0.0,0.0,0.0,0.0,0.0,0.0,0.0,0.0,0.0,0.0,0.0,0.0,0.0,0.0,0.0,0.0,0.0,0.0,,0,0,,0,0,,0,0,15.0,4.0,1.0,0.0,0.0,15.0,4.0,1.0,0.0,0.0,20,20,20,15/03/18,15/03/18,3/16/18,T,Megabit,7,2010
131409,131409,Oromia,East Hararge,Deder Town,2019,19,May,0,0.0,0.0,0.0,0.0,0.0,0.0,0,0.0,0.0,0.0,6,6.0,0.0,0.0,4,4.0,0.0,0.0,0,0.0,0.0,0.0,0,0.0,0.0,0.0,4,4.0,0.0,0.0,0.0,0.0,0.0,0.0,0.0,0.0,0.0,0.0,0.0,0.0,0.0,0.0,0.0,0.0,0.0,0.0,0.0,0.0,0.0,0.0,0.0,0.0,0.0,0.0,0.0,0.0,0.0,0.0,0.0,0.0,,0,0,,0,0,,0,0,0.0,1.0,0.0,0.0,4.0,0.0,1.0,0.0,0.0,4.0,5,5,1,16/05/19,16/05/19,43602,T,Ginbot,9,2011
14902,14902,Amhara,East Gojjam,Gonchasiso Enese,2017,17,April,13,13.0,0.0,0.0,71.0,7.0,6.0,0,0.0,0.0,0.0,10,10.0,0.0,0.0,0,0.0,0.0,0.0,0,0.0,0.0,0.0,0,0.0,0.0,0.0,12,11.0,1.0,0.0,,,,0.0,0.0,0.0,0.0,,,0.0,0.0,0.0,0.0,0.0,0.0,0.0,0.0,0.0,0.0,0.0,0.0,0.0,0.0,0.0,0.0,0.0,0.0,0.0,0.0,0.0,,0,0,,0,0,,0,0,39.0,7.0,0.0,0.0,0.0,39.0,7.0,0.0,0.0,0.0,46,46,46,4/5/17,4/5/17,5/5/17,T,Miyazia,8,2009
51963,51963,Harari,Harari,Shenkor,2018,1,January,0,0.0,0.0,0.0,0.0,0.0,0.0,0,0.0,0.0,0.0,5,5.0,0.0,0.0,0,0.0,0.0,0.0,0,0.0,0.0,0.0,0,0.0,0.0,0.0,0,0.0,0.0,0.0,0.0,,,0.0,0.0,0.0,0.0,0.0,0.0,0.0,0.0,0.0,0.0,0.0,0.0,0.0,0.0,0.0,0.0,0.0,0.0,0.0,0.0,0.0,0.0,0.0,0.0,0.0,0.0,0.0,,0,0,,0,0,,0,0,1.0,0.0,0.0,0.0,1.0,1.0,0.0,0.0,0.0,1.0,2,2,1,11/1/18,11/1/18,1/12/18,T,Tir,5,2010
106977,106977,Benishangul-Gumuz,Assosa,Menge,2018,50,December,46,46.0,0.0,0.0,434.0,45.0,1.0,0,0.0,0.0,0.0,5,5.0,0.0,0.0,4,4.0,0.0,0.0,0,0.0,0.0,0.0,0,0.0,0.0,0.0,0,0.0,0.0,0.0,0.0,0.0,0.0,0.0,0.0,0.0,0.0,0.0,0.0,0.0,0.0,0.0,0.0,0.0,0.0,0.0,0.0,0.0,0.0,0.0,0.0,0.0,0.0,0.0,0.0,0.0,0.0,0.0,0.0,0.0,,0,0,,0,0,,0,0,20.0,2.0,1.0,0.0,1.0,20.0,2.0,1.0,0.0,1.0,24,24,23,20/12/18,20/12/18,12/21/18,T,Tahesas,4,2011
118605,118605,Benishangul-Gumuz,Assosa,Kurmuk,2019,8,February,31,31.0,0.0,0.0,319.0,29.0,2.0,0,0.0,0.0,0.0,0,0.0,0.0,0.0,3,3.0,0.0,0.0,0,0.0,0.0,0.0,0,0.0,0.0,0.0,4,4.0,0.0,0.0,0.0,0.0,0.0,0.0,0.0,0.0,0.0,0.0,0.0,0.0,0.0,0.0,0.0,1.0,0.0,0.0,0.0,0.0,0.0,1.0,0.0,0.0,0.0,0.0,0.0,0.0,0.0,0.0,0.0,0.0,,0,0,,0,0,,0,0,15.0,1.0,0.0,0.0,1.0,14.0,1.0,0.0,0.0,0.0,15,17,15,28/02/19,28/02/19,3/1/19,T,Yekatit,6,2011
58359,58359,Oromia,West Shewa,Ilu Galan,2018,7,February,0,0.0,0.0,0.0,60.0,0.0,0.0,0,0.0,0.0,0.0,17,17.0,0.0,0.0,0,0.0,0.0,0.0,0,0.0,0.0,0.0,0,0.0,0.0,0.0,4,4.0,0.0,0.0,0.0,0.0,0.0,0.0,0.0,0.0,0.0,0.0,0.0,0.0,0.0,0.0,0.0,0.0,0.0,0.0,0.0,0.0,0.0,0.0,0.0,0.0,0.0,0.0,0.0,0.0,0.0,0.0,0.0,0.0,,0,0,,0,0,,0,0,18.0,3.0,0.0,0.0,0.0,17.0,3.0,0.0,0.0,0.0,20,21,20,22/02/18,22/02/18,2/23/18,T,Yekatit,6,2010
73718,73718,Amhara,East Gojjam,Enemay,2018,21,May,5,5.0,0.0,0.0,71.0,0.0,5.0,0,0.0,0.0,0.0,61,61.0,0.0,0.0,85,85.0,0.0,0.0,2,2.0,0.0,0.0,0,0.0,0.0,0.0,1,1.0,0.0,0.0,0.0,0.0,,0.0,0.0,0.0,0.0,,,0.0,0.0,0.0,0.0,0.0,0.0,0.0,0.0,0.0,0.0,0.0,0.0,0.0,0.0,0.0,0.0,0.0,0.0,0.0,0.0,0.0,,0,0,,0,0,,0,0,30.0,7.0,1.0,0.0,4.0,30.0,7.0,1.0,0.0,4.0,42,42,38,31/05/18,31/05/18,6/1/18,T,Ginbot,9,2010
66178,66178,Oromia,Guji,Negele Town,2018,14,April,6,6.0,0.0,0.0,105.0,4.0,2.0,0,0.0,0.0,0.0,19,19.0,0.0,0.0,25,25.0,0.0,0.0,0,0.0,0.0,0.0,19,19.0,0.0,0.0,0,0.0,0.0,0.0,0.0,0.0,0.0,0.0,0.0,0.0,0.0,0.0,0.0,0.0,0.0,0.0,0.0,0.0,0.0,0.0,0.0,0.0,0.0,0.0,0.0,0.0,0.0,0.0,0.0,0.0,0.0,0.0,0.0,0.0,,0,0,,0,0,,0,0,0.0,1.0,0.0,0.0,4.0,0.0,1.0,0.0,0.0,5.0,6,5,1,12/4/18,12/4/18,4/13/18,T,Miyazia,8,2010
72364,72364,Somali,Fik,Dhuhun,2018,19,May,10,10.0,0.0,0.0,10.0,10.0,0.0,0,0.0,0.0,0.0,3,3.0,0.0,0.0,0,0.0,0.0,0.0,0,0.0,0.0,0.0,0,0.0,0.0,0.0,13,13.0,0.0,0.0,0.0,0.0,0.0,0.0,0.0,0.0,0.0,0.0,0.0,0.0,0.0,0.0,0.0,0.0,0.0,0.0,0.0,0.0,0.0,0.0,0.0,0.0,0.0,0.0,0.0,0.0,0.0,0.0,0.0,0.0,,0,0,,0,0,,0,0,2.0,0.0,0.0,0.0,0.0,2.0,0.0,0.0,0.0,0.0,2,2,2,18/05/18,18/05/18,5/18/18,T,Ginbot,9,2010
