d3mIndex,Month,State,County,Rate,County - named after (any)
0,September,Missouri,Montgomery County,4.2,Richard Montgomery
1,February,New York,Ontario County,6,Lake Ontario
2,November,Virginia,Winchester City,3.8,Winchester
3,June,Colorado,Washington County,2.8,George Washington
4,April,Kansas,Harper County,4.7,Oscar G. Harper
5,May,Texas,Terry County,4.7,Benjamin Franklin Terry
6,May,Kansas,Russell County,3.8,William Russell
7,November,West Virginia,Tucker County,5.7,"Henry St. George Tucker, Sr."
8,January,California,Humboldt County,6.7,Alexander von Humboldt
9,September,Minnesota,Chisago County,3.4,Chisago Lake
10,March,Indiana,Steuben County,4.5,Friedrich Wilhelm von Steuben
11,February,Missouri,Cape Girardeau County,4.8,Jean Baptiste de Girardot
12,July,Michigan,Cass County,5.8,Lewis Cass
13,September,Illinois,Clinton County,4.2,George Clinton
14,December,New York,Greene County,5.4,Nathanael Greene
15,July,Ohio,Montgomery County,5.1,Richard Montgomery
16,December,Oklahoma,Grant County,2.8,Ulysses S. Grant
17,October,Missouri,Macon County,4,Nathaniel Macon
18,November,Kansas,Mitchell County,2.5,Elisha Mitchell
19,June,Montana,Carbon County,3.5,coal
20,March,North Carolina,Davie County,4.8,William Richardson Davie
21,February,Virginia,Franklin City,7.3,
22,September,Indiana,Martin County,3.6,Morgan Lewis Martin
23,March,Tennessee,White County,6.7,Hugh Lawson White
24,October,Minnesota,Stevens County,2,Isaac Stevens
25,September,Texas,Lampasas County,4.3,Lampasas River
26,February,Louisiana,Jefferson Parish,6,Thomas Jefferson
27,December,South Dakota,Meade County,3.2,George Meade
28,November,California,Lassen County,6.9,Peter Lassen
29,May,Missouri,Gentry County,4.4,Richard Gentry
30,February,Mississippi,Webster County,7,Daniel Webster
31,November,Ohio,Lucas County,4.9,Robert Lucas
32,January,Missouri,Ralls County,5.1,Daniel Ralls
33,July,Louisiana,Caddo Parish,7.5,Caddo
34,August,Indiana,Carroll County,4.1,Charles Carroll
35,March,Kansas,Ellis County,3.3,Richard Ellis
36,May,Kentucky,Marion County,5.1,Francis Marion
37,October,New York,New York County,4.4,
38,November,Illinois,Jo Daviess County,6,Joseph Hamilton Daveiss
39,May,Iowa,Floyd County,3.4,John Floyd
40,July,Arkansas,Randolph County,7.5,Edmund Randolph
41,October,Alabama,Randolph County,5.3,Edmund Randolph
42,November,Kansas,Sedgwick County,4.1,John Sedgwick
43,April,Alabama,Pike County,5.7,Zebulon Pike
44,January,Minnesota,Isanti County,5.9,
45,June,West Virginia,Summers County,6.9,George W. Summers
46,February,Illinois,Whiteside County,6.6,Samuel Whiteside
47,December,Minnesota,Kanabec County,8.1,
48,December,Arkansas,Sebastian County,4.6,
49,July,Texas,Kerr County,4,James Kerr
50,December,Mississippi,Panola County,9,cotton
51,January,North Carolina,Davidson County,5.7,William Lee Davidson
52,December,New York,Dutchess County,4,Mary of Modena
53,October,Virginia,Fairfax County,3.3,Thomas Fairfax
54,April,Colorado,Baca County,2.3,
55,January,Ohio,Greene County,5.4,Nathanael Greene
56,December,Maryland,Carroll County,3.6,Charles Carroll
57,April,Kentucky,Russell County,10.5,William Russell
58,July,Oklahoma,Oklahoma County,3.9,Oklahoma
59,April,Missouri,Ripley County,8.1,Eleazer Wheelock Ripley
60,October,Virginia,Gloucester County,3.7,Gloucester
61,May,Tennessee,Wilson County,4.8,David Wilson
62,September,Texas,Val Verde County,6.1,Battle of Valverde
63,July,Colorado,El Paso County,4.7,Ute Pass
64,February,Texas,Knox County,3.3,Henry Knox
65,April,Illinois,Warren County,4.3,Joseph Warren
66,May,Oklahoma,Logan County,3.9,Logan
67,April,Nevada,Nye County,8.9,James W. Nye
68,May,Kentucky,Jessamine County,4.4,Jessamine Creek
69,May,Virginia,King George County,4.9,George I of Great Britain
70,February,Minnesota,Yellow Medicine County,5.2,Yellow Medicine River
71,October,Tennessee,Cannon County,5.3,Newton Cannon
72,February,Utah,Kane County,6.7,Thomas L. Kane
73,February,North Dakota,Nelson County,5.4,Thomas Nelson
74,July,North Carolina,Clay County,6.7,Henry Clay
75,March,Utah,Uintah County,6.3,Ute people
76,April,Virginia,Halifax County,6.1,"George Montagu-Dunk, 2nd Earl of Halifax"
77,March,New Mexico,Chaves County,6.2,José Francisco Chaves
78,May,Kentucky,Bracken County,6.2,William Bracken
79,February,Texas,Williamson County,3.6,Hugh Williamson
80,September,Iowa,Henry County,3.6,Patrick Henry
81,February,Mississippi,Itawamba County,5.8,Levi Colbert
82,April,Texas,Archer County,4.1,Branch T. Archer
83,March,Maryland,Frederick County,4.7,"Frederick Calvert, 6th Baron Baltimore"
84,October,Arizona,Apache County,12.4,Apache
85,June,Indiana,Johnson County,4.1,
86,October,Minnesota,Red Lake County,3.6,Red Lake
87,October,Missouri,McDonald County,3.6,Alexander McDonald
88,December,Vermont,Addison County,3.2,Joseph Addison
89,November,Wisconsin,Florence County,6.8,
90,August,Arkansas,Yell County,5.2,Archibald Yell
91,November,Nebraska,Logan County,3.5,Logan
92,October,Kansas,Stanton County,2.5,Edwin M. Stanton
93,December,Minnesota,Lyon County,3.6,Nathaniel Lyon
94,October,Arkansas,Poinsett County,4.6,
95,October,Washington,Yakima County,6.2,Yakama Nation
96,December,Ohio,Athens County,5.7,Athens
97,April,Iowa,Pocahontas County,2.8,Pocahontas
98,November,Texas,Uvalde County,5.3,
99,June,Iowa,Bremer County,3.6,Fredrika Bremer
100,February,Nebraska,Deuel County,2.7,
101,June,Texas,Polk County,6.4,James K. Polk
102,October,Tennessee,Wilson County,4.4,David Wilson
103,August,Indiana,Porter County,5.1,David Porter
104,December,Virginia,Warren County,4.2,Joseph Warren
105,July,Indiana,Boone County,3.6,Daniel Boone
106,May,Missouri,Greene County,4.5,Nathanael Greene
107,January,Alabama,Elmore County,5.4,
108,May,North Dakota,Sargent County,1.5,
109,February,Nebraska,Box Butte County,2.9,
110,July,Pennsylvania,Lebanon County,5,Lebanon
111,August,North Dakota,Griggs County,1.7,Alexander Griggs
112,November,Arkansas,Polk County,4.9,James K. Polk
113,October,Iowa,Clayton County,2.9,John Middleton Clayton
114,August,North Carolina,Columbus County,7.8,Christopher Columbus
115,May,Illinois,Christian County,6,William Christian
116,March,Nebraska,Gosper County,2.7,John J. Gosper
117,October,Texas,Clay County,4.6,Henry Clay
118,May,Ohio,Tuscarawas County,5.1,Delaware languages
119,May,Mississippi,Pike County,7.6,Zebulon Pike
120,February,Texas,Roberts County,4,
121,January,North Carolina,Nash County,7.5,Francis Nash
122,May,Idaho,Canyon County,4.5,
123,November,New York,Cattaraugus County,5.5,
124,June,California,Amador County,6.3,José María Amador
125,September,Missouri,Worth County,2.6,William J. Worth
126,November,Iowa,Dubuque County,2.9,Julien Dubuque
127,March,Texas,Sterling County,3.4,
128,August,Tennessee,McNairy County,8.2,John McNairy
129,October,Utah,Grand County,3.6,Colorado River
130,July,Texas,Brooks County,11.5,Preston Brooks
131,April,Illinois,Schuyler County,5,Philip Schuyler
132,January,Kentucky,Fayette County,4.3,"Gilbert du Motier, Marquis de Lafayette"
133,September,North Carolina,Randolph County,5.3,Edmund Randolph
134,February,Texas,Castro County,3.7,Henri Castro
135,February,Wyoming,Natrona County,4.2,natron
136,October,New York,Kings County,5.3,Kings River
137,January,Virginia,Covington City,8.3,
138,April,West Virginia,Lewis County,8.7,Meriwether Lewis
139,April,Texas,Refugio County,5.2,Refugio
140,August,Missouri,Butler County,6.1,Richard Butler
141,April,Texas,Williamson County,3.1,Hugh Williamson
142,September,Kentucky,Jessamine County,4,Jessamine Creek
143,March,Wisconsin,La Crosse County,4.3,lacrosse
144,May,Hawaii,Hawaii County,4.4,Hawaii
145,December,North Carolina,Polk County,4.9,James K. Polk
146,December,New York,Cayuga County,5.2,Cayuga people
147,December,New Jersey,Sussex County,4,Sussex
148,April,Wisconsin,Richland County,4.2,
149,July,Kansas,Hodgeman County,3.6,
150,July,Louisiana,Saint Helena Parish,9.3,Saint Helena
151,June,South Dakota,Custer County,3.5,George Armstrong Custer
152,May,Texas,Concho County,2.9,Concho River
153,April,South Dakota,Ziebach County,4.9,Frank M. Ziebach
154,October,Pennsylvania,Butler County,3.8,Richard Butler
155,March,Texas,Lynn County,4,
156,February,Virginia,Augusta County,4.7,Princess Augusta of Saxe-Gotha
157,March,South Carolina,Saluda County,5.3,Saluda River
158,December,Alabama,Dallas County,9,George M. Dallas
159,June,Minnesota,Mahnomen County,5.8,Ojibwe
160,May,Kansas,Haskell County,2.8,Charles N. Haskell
161,October,Pennsylvania,Franklin County,4.3,Benjamin Franklin
162,February,Pennsylvania,Schuylkill County,6.9,Schuylkill River
163,February,New Mexico,Hidalgo County,6.7,Villa de Guadalupe Hidalgo
164,February,Louisiana,Sabine Parish,7.2,Sabine River
165,January,Virginia,Botetourt County,4.8,"Norborne Berkeley, 4th Baron Botetourt"
166,November,Virginia,King William County,3.6,William III
167,February,Virginia,Hanover County,4.3,Electorate of Brunswick-Lüneburg
168,November,Texas,Houston County,4.7,Sam Houston
169,February,Nevada,Humboldt County,6.1,Alexander von Humboldt
170,September,Tennessee,Bradley County,5.2,Edward Bradley
171,April,Pennsylvania,Dauphin County,4.3,"Louis Joseph, Dauphin of France"
172,October,Kentucky,Adair County,6.4,William Penn Adair
173,October,Minnesota,Kittson County,3,Norman Kittson
174,September,Kentucky,Butler County,5.2,Richard Butler
175,April,Kentucky,Oldham County,3.6,William Simpson Oldham Sr.
176,April,West Virginia,Gilmer County,8.2,
177,September,Minnesota,Marshall County,4.2,John Marshall
178,March,North Carolina,Hoke County,8.1,Robert Hoke
179,April,Hawaii,Kauai County,4.2,Kauai
180,September,New Hampshire,Belknap County,2.8,Jeremy Belknap
181,October,Missouri,Howard County,3.6,John Eager Howard
182,December,Alabama,Hale County,7.8,Stephen F. Hale
183,February,West Virginia,Hampshire County,7.5,Hampshire
184,September,Idaho,Lemhi County,5.3,Fort Lemhi
185,February,Ohio,Delaware County,3.7,Delaware River
186,April,Illinois,Edgar County,5.1,John Edgar
187,October,North Carolina,Pamlico County,5.8,Pamlico
188,August,Virginia,Isle of Wight County,4.5,Isle of Wight
189,July,New York,Schuyler County,5.9,Philip Schuyler
190,February,Virginia,Middlesex County,5.4,Middlesex
191,July,Arkansas,Independence County,6.9,
192,March,North Carolina,Richmond County,7.6,"Charles Lennox, 3rd Duke of Richmond"
193,December,Arizona,Yuma County,17.6,Quechan people
194,July,North Carolina,Cabarrus County,5.7,Stephen Cabarrus
195,October,Indiana,Shelby County,3.9,Isaac Shelby
196,November,Texas,Presidio County,10.6,
197,December,Virginia,Bland County,4.8,Richard Bland
198,September,Texas,Ward County,4.7,
199,September,Nevada,Humboldt County,5.8,Alexander von Humboldt
200,February,Virginia,Northumberland County,8.9,Northumberland
201,August,North Dakota,Dunn County,2.2,Charles Dunn
202,June,Montana,Cascade County,3.9,
203,April,Maryland,Kent County,5.1,James Kent
204,April,Kentucky,Clinton County,7,George Clinton
205,January,Texas,Fort Bend County,4.2,
206,August,Oklahoma,Carter County,4.4,Thomas H. Carter
207,September,Missouri,Gentry County,3.6,Richard Gentry
208,April,Montana,Sheridan County,2,Philip Sheridan
209,April,Mississippi,Holmes County,10.7,
210,February,Rhode Island,Bristol County,6.2,Bristol
211,June,Idaho,Clearwater County,6.9,Clearwater River
212,March,Kansas,Ness County,3.5,
213,April,Iowa,Washington County,3,George Washington
214,April,Nebraska,Thomas County,3.5,
215,September,Texas,Brooks County,11.5,Preston Brooks
216,January,Wisconsin,Polk County,6.4,James K. Polk
217,May,New York,Onondaga County,5.1,Onondaga people
218,January,Washington,Chelan County,7.5,Chelan people
219,April,Missouri,Lewis County,5.1,Meriwether Lewis
220,January,Texas,Llano County,4.8,Llano River
221,June,Texas,Yoakum County,4.1,Henderson King Yoakum
222,August,Nebraska,Antelope County,2.3,Pronghorn
223,July,Ohio,Trumbull County,6.3,Jonathan Trumbull
224,October,Texas,King County,2.8,Martin Luther King Jr.
225,October,North Carolina,Forsyth County,5.3,Benjamin Forsyth
226,January,Iowa,Wapello County,5.6,Wapello
227,February,Illinois,Marshall County,7.1,John Marshall
228,May,Minnesota,Wadena County,5.2,
229,April,Alabama,Escambia County,6,
230,February,Pennsylvania,Greene County,5.5,Nathanael Greene
231,December,Nebraska,Richardson County,2.9,William Alexander Richardson
232,January,Oklahoma,Tillman County,4.3,"Benjamin Ryan Tillman, Jr."
233,April,Virginia,Lancaster County,7.2,Lancaster
234,March,Louisiana,Assumption Parish,7.9,Assumption of Mary
235,December,Alabama,Elmore County,4.9,
236,March,Indiana,Clay County,5.9,Henry Clay
237,September,Minnesota,Lincoln County,2.2,Abraham Lincoln
238,April,Missouri,Montgomery County,5.3,Richard Montgomery
239,November,New Jersey,Mercer County,3.8,Hugh Mercer
240,July,Missouri,Dade County,6,Francis L. Dade
241,March,Missouri,Barry County,5.7,William T. Barry
242,March,Tennessee,Cumberland County,7.7,"Prince William, Duke of Cumberland"
243,April,South Dakota,Jackson County,4.8,Andrew Jackson
244,March,Ohio,Trumbull County,6.9,Jonathan Trumbull
245,December,West Virginia,Wirt County,9.3,William Wirt
246,September,Pennsylvania,Cambria County,5.4,Cambria
247,November,South Carolina,Pickens County,5.1,Andrew Pickens
248,September,Texas,McCulloch County,5.6,Benjamin McCulloch
249,June,Texas,Brewster County,4.4,Henry Percy Brewster
250,June,Iowa,Howard County,3,John Eager Howard
251,September,Kentucky,Warren County,4,Joseph Warren
252,August,Illinois,Kane County,5.6,Thomas L. Kane
253,November,Kansas,Harper County,3.4,Oscar G. Harper
254,March,South Carolina,Dillon County,8.6,
255,March,Tennessee,McNairy County,9.3,John McNairy
256,June,Wyoming,Park County,3.6,Yellowstone National Park
257,May,Pennsylvania,Union County,4.6,Union
258,April,Texas,McMullen County,1.8,
259,November,New York,Sullivan County,5,John Sullivan
260,May,Illinois,Massac County,6.9,Fort Massac
261,February,New York,Broome County,7.1,John Broome
262,September,Indiana,Hamilton County,2.9,Alexander Hamilton
263,July,Oklahoma,Blaine County,3.7,James G. Blaine
264,January,Missouri,Pemiscot County,8.8,Pemiscot Bayou
265,March,Nevada,Esmeralda County,4.1,emerald
266,July,Pennsylvania,Philadelphia County,7.8,Philadelphia
267,December,Arkansas,Boone County,4.4,Daniel Boone
268,March,Texas,Chambers County,4.9,
269,July,Kentucky,Lee County,8.7,Robert E. Lee
270,May,North Carolina,Gaston County,6.3,William Gaston
271,June,Utah,Sanpete County,4.6,Sanpitch
272,January,Indiana,Clinton County,5.1,George Clinton
273,December,Alabama,Jefferson County,5.6,Thomas Jefferson
274,November,Missouri,Howell County,5.3,Howell Valley
275,June,Iowa,Marshall County,4.4,John Marshall
276,July,Illinois,Jasper County,6.3,William Jasper
277,April,California,Plumas County,10.9,Feather River
278,October,Utah,Utah County,2.9,Ute people
279,November,Montana,Mineral County,9.2,mineral
280,September,North Carolina,Nash County,7,Francis Nash
281,June,Texas,Palo Pinto County,5.5,Palo Pinto Creek
282,July,North Dakota,Logan County,2.3,Logan
283,May,Tennessee,Monroe County,6.3,James Monroe
284,May,Missouri,Madison County,6.8,James Madison
285,May,Minnesota,Brown County,4.1,Henry Stevenson Brown
286,March,Idaho,Minidoka County,4,
287,February,Kansas,Wallace County,2.8,W. H. L. Wallace
288,November,New Mexico,Lincoln County,5.9,Abraham Lincoln
289,April,Texas,Nueces County,4.4,Nueces River
290,May,Iowa,Mitchell County,2.7,Elisha Mitchell
291,March,Texas,Montgomery County,3.9,Richard Montgomery
292,January,Tennessee,Marshall County,6.2,John Marshall
293,September,Massachusetts,Plymouth County,5.1,Plymouth
294,March,Minnesota,Wilkin County,4.1,Alexander Wilkin
295,January,Wyoming,Sweetwater County,4.3,Sweetwater River
296,September,Virginia,Prince William County,3.8,"Prince William, Duke of Cumberland"
297,September,Idaho,Camas County,3,Camassia
298,December,Indiana,Fountain County,6.3,James Fontaine
299,July,Ohio,Guernsey County,5.9,Guernsey
300,December,Oklahoma,Jefferson County,6.3,Thomas Jefferson
301,June,Texas,Freestone County,5.8,
302,August,Arizona,Graham County,7.7,Mount Graham
303,July,Mississippi,Yazoo County,9.4,
304,May,Virginia,James City County,4.4,James VI and I
305,September,Arkansas,Carroll County,3.6,Charles Carroll
306,July,Texas,Hunt County,5,"Memucan Hunt, Jr."
307,February,Iowa,Warren County,4.3,Joseph Warren
308,May,Oregon,Benton County,4,Thomas Hart Benton
309,June,West Virginia,Upshur County,8.9,Abel P. Upshur
310,September,Colorado,Prowers County,3.7,
311,October,Kentucky,Anderson County,3.7,Joseph Inslee Anderson
312,July,Missouri,Shannon County,8.1,George Shannon
313,August,Washington,Thurston County,5.7,Samuel Thurston
314,February,Wisconsin,Racine County,6.6,Root River
315,January,Virginia,York County,5,York
316,June,Arkansas,Hempstead County,5.2,Edward Hempstead
317,April,Virginia,Washington County,4.5,George Washington
318,January,Pennsylvania,Schuylkill County,7.3,Schuylkill River
319,November,Alabama,Lowndes County,10.8,William Lowndes
320,December,Kentucky,Powell County,7.9,Mount Powell
321,December,Texas,Matagorda County,7.2,canebrakes
322,January,North Carolina,Robeson County,9,Thomas Robeson
323,November,North Carolina,Craven County,5.8,"William Craven, 1st Earl of Craven"
324,March,Washington,Lewis County,8.8,Meriwether Lewis
325,May,Ohio,Allen County,4.8,John Allen
326,January,Illinois,Pike County,6,Zebulon Pike
327,June,North Carolina,Cleveland County,6.9,Benjamin Cleveland
328,October,South Dakota,Mellette County,4.1,Arthur C. Mellette
329,August,Utah,Emery County,6.5,George W. Emery
330,September,Virginia,New Kent County,3.6,Kent
331,November,Utah,Rich County,3.6,Charles C. Rich
332,June,Missouri,Bollinger County,5.7,George Frederick Bollinger
333,August,Alabama,Colbert County,8.2,Levi Colbert
334,November,Colorado,Conejos County,4.8,Conejos River
335,April,Texas,Coleman County,5,
336,September,Virginia,Giles County,4.6,William Branch Giles
337,March,Nevada,Eureka County,5.4,Eureka
338,December,North Carolina,Haywood County,4.7,John Haywood
339,September,Pennsylvania,Bucks County,4.1,Buckinghamshire
340,May,Kentucky,Lee County,7.6,Robert E. Lee
341,April,Indiana,Marion County,4.9,Francis Marion
342,September,Virginia,Highland County,3.3,
343,October,Alabama,Covington County,6.4,Leonard Covington
344,January,Idaho,Twin Falls County,4.6,Twin Falls
345,September,Indiana,Randolph County,3.9,Edmund Randolph
346,November,North Carolina,Cleveland County,6.1,Benjamin Cleveland
347,August,Oklahoma,Mayes County,4.2,Samuel Houston Mayes
348,November,Montana,Musselshell County,4.7,Musselshell River
349,January,Texas,Colorado County,4,Colorado River
350,January,Louisiana,Allen Parish,8.5,Henry Watkins Allen
351,February,Arizona,Graham County,7.7,Mount Graham
352,August,Missouri,Chariton County,4.8,Chariton River
353,March,Minnesota,Morrison County,7.3,
354,June,Illinois,Hamilton County,4.8,Alexander Hamilton
355,August,Mississippi,Leflore County,10.3,
356,March,Oklahoma,McIntosh County,8.6,
357,June,Virginia,Martinsville City,9.1,Joseph Martin
358,November,Ohio,Clark County,4.9,William A. Clark
359,February,Virginia,Bath County,5.6,Bath
360,April,Louisiana,Plaquemines Parish,5.5,
361,November,Iowa,Winnebago County,3.3,Ho-Chunk
362,June,New York,Otsego County,5.1,
363,October,Texas,McLennan County,4,Neil McLennan
364,April,Texas,Comal County,3.4,Comal River
365,February,Maryland,Saint Marys County,5.2,
366,March,Texas,Brazos County,3.1,Brazos River
367,May,Virginia,Mecklenburg County,6.2,Charlotte of Mecklenburg-Strelitz
368,June,West Virginia,Gilmer County,7.6,
369,October,South Carolina,Allendale County,10.1,Paul H. Allen
370,August,Iowa,Adams County,2.6,John Adams
371,October,Nebraska,Cherry County,2.3,Samuel A. Cherry
372,December,New Hampshire,Cheshire County,2.7,Cheshire
373,July,Ohio,Fairfield County,4.4,
374,May,Texas,Hemphill County,3.4,John Hemphill
375,August,Virginia,Charlotte County,5.6,Charlotte Harbor
376,February,Kentucky,Letcher County,10.9,Robert P. Letcher
377,May,Indiana,Vanderburgh County,4.3,Henry Vanderburgh
378,February,Pennsylvania,Mifflin County,6.8,Thomas Mifflin
379,March,Minnesota,Houston County,5,Sam Houston
380,July,South Carolina,McCormick County,6.8,Cyrus McCormick
381,August,Arkansas,Pope County,5.5,
382,June,Iowa,Mitchell County,3,Elisha Mitchell
383,April,South Carolina,Greenville County,4.9,
384,March,Virginia,Albemarle County,4,"Willem van Keppel, 2nd Earl of Albemarle"
385,September,Kentucky,Wayne County,6.7,Anthony Wayne
386,April,Louisiana,Vernon Parish,7.5,Mount Vernon
387,September,Alabama,Macon County,7.7,Nathaniel Macon
388,April,North Carolina,Currituck County,5.4,Algonquin
389,October,Kentucky,Knott County,9.5,J. Proctor Knott
390,February,Oklahoma,Grady County,4.1,Henry W. Grady
391,April,Colorado,Las Animas County,5.6,Purgatoire River
392,August,Arkansas,Prairie County,4.4,prairie
393,July,Texas,Coryell County,5.1,
394,August,North Carolina,Onslow County,6.2,Arthur Onslow
395,March,South Carolina,Laurens County,6.7,
396,November,Indiana,Hancock County,4,John Hancock
397,March,Wisconsin,Bayfield County,10.7,Henry Wolsey Bayfield
398,January,Oklahoma,Muskogee County,5.5,Muscogee
399,July,Mississippi,Covington County,6.5,Leonard Covington
400,August,Kansas,Kearny County,3.4,Philip Kearny
401,October,North Dakota,McLean County,2.2,
402,March,Texas,Comanche County,4.5,
403,July,Arizona,Greenlee County,7.9,
404,February,Wisconsin,Richland County,5.4,
405,November,Arkansas,Clark County,4.4,William A. Clark
406,March,Montana,Jefferson County,4.6,Thomas Jefferson
407,May,Virginia,Augusta County,4.2,Princess Augusta of Saxe-Gotha
408,April,Minnesota,Wright County,3.6,Silas Wright
409,February,Colorado,Summit County,2.7,
410,November,Maryland,Garrett County,6,John W. Garrett
411,February,Colorado,Garfield County,5.1,James A. Garfield
412,April,Illinois,Lee County,4.7,Robert E. Lee
413,January,Iowa,Webster County,5.3,Daniel Webster
414,November,Texas,Tyler County,7.4,John Tyler
415,May,California,Alpine County,9.2,Alps
416,June,Nebraska,Frontier County,2.5,
417,August,Washington,Lincoln County,5,Abraham Lincoln
418,February,Pennsylvania,Clearfield County,7.7,field
419,March,South Carolina,Sumter County,6.7,Thomas Sumter
420,August,Oklahoma,Woodward County,5,Woodward
421,July,Kansas,Pratt County,4.7,
422,June,Arkansas,Jefferson County,7.7,Thomas Jefferson
423,April,Texas,Navarro County,3.9,José Antonio Navarro
424,May,Kansas,Harvey County,4,James M. Harvey
425,March,Montana,Teton County,4.4,Teton Range
426,December,South Carolina,Chesterfield County,5.5,
427,January,Virginia,Greensville County,6.2,Richard Grenville
428,May,Kentucky,Oldham County,4,William Simpson Oldham Sr.
429,December,Mississippi,Oktibbeha County,6.7,
430,March,Nebraska,Holt County,2.6,Joseph Holt
431,November,Ohio,Ross County,5,James Ross
432,July,Mississippi,Marion County,8,Francis Marion
433,August,Oklahoma,Harmon County,2.8,Judson Harmon
434,April,Illinois,Union County,6.6,Union
435,May,New Mexico,Otero County,6.2,Miguel Antonio Otero
436,January,Texas,Uvalde County,5.2,
437,September,Tennessee,Humphreys County,6.6,Parry Wayne Humphreys
438,June,Pennsylvania,Monroe County,6.5,James Monroe
439,May,Tennessee,Gibson County,7.7,John Gibson
440,October,Minnesota,Big Stone County,3,Big Stone Lake
441,September,Virginia,Wythe County,5,George Wythe
442,October,Arkansas,Scott County,4.2,Winfield Scott
443,November,North Dakota,Burke County,3.2,Thomas Burke
444,August,Texas,Cooke County,4,
445,February,Illinois,Jersey County,6.8,New Jersey
446,March,Mississippi,Clay County,9.4,Henry Clay
447,March,Texas,Gray County,4.6,Peter W. Gray
448,February,Minnesota,Lincoln County,5.8,Abraham Lincoln
449,September,Kansas,Coffey County,5.7,
450,May,Montana,Lewis and Clark County,2.9,William Clark
451,June,Oklahoma,Delaware County,5.2,Delaware River
452,April,Illinois,Saline County,6.5,
453,January,Iowa,Black Hawk County,5.5,Black Hawk
454,April,New York,Oneida County,5.5,Oneida
455,March,Mississippi,Clarke County,7.6,John Clark
456,April,Montana,Toole County,2.9,Joseph Toole
457,September,South Dakota,Jackson County,3.3,Andrew Jackson
458,June,Virginia,Gloucester County,4.1,Gloucester
459,December,Minnesota,Norman County,5.1,Norwegians
460,December,Oregon,Morrow County,6.1,Jackson L. Morrow
461,June,Missouri,New Madrid County,6.6,New Madrid
462,October,Montana,Richland County,3.1,
463,September,Indiana,Jasper County,4.9,William Jasper
464,June,West Virginia,Wyoming County,10.4,plain
465,March,Arkansas,Miller County,5.5,John Miller
466,July,South Carolina,Orangeburg County,12.3,William V
467,March,Colorado,Arapahoe County,4.4,Arapahoe County
468,October,Missouri,Daviess County,3.1,Joseph Hamilton Daveiss
469,August,Texas,Haskell County,3.5,Charles N. Haskell
470,March,Oregon,Wasco County,6.7,Wasco-Wishram people
471,August,South Carolina,Barnwell County,9.1,John Barnwell
472,April,Wisconsin,Brown County,4,Henry Stevenson Brown
473,February,Nebraska,Loup County,3.1,Loup River
474,May,Virginia,Culpeper County,4.5,"Thomas Colepeper, 2nd Baron Colepeper"
475,October,New Mexico,Debaca County,5.1,Ezequiel Cabeza De Baca
476,June,Texas,Kerr County,4,James Kerr
477,December,Virginia,Portsmouth City,5.8,
478,February,Minnesota,Meeker County,5.9,Bradley B. Meeker
479,April,Washington,Yakima County,7.7,Yakama Nation
480,March,Washington,Wahkiakum County,9.6,Wahkiakum
481,December,Kansas,Stevens County,4.2,Isaac Stevens
482,April,Arkansas,Baxter County,5.9,Elisha Baxter
483,August,Wisconsin,Oconto County,4.3,Oconto River
484,May,Kansas,Cheyenne County,3.2,Cheyennes
485,October,New Hampshire,Merrimack County,2.6,Merrimack River
486,August,Minnesota,Nobles County,2.7,William H. Nobles
487,May,Oklahoma,Harper County,3.1,Oscar G. Harper
488,July,West Virginia,Monongalia County,5.4,Monongahela River
489,January,West Virginia,Raleigh County,7.9,Walter Raleigh
490,January,South Dakota,Ziebach County,4.7,Frank M. Ziebach
491,February,Indiana,Marshall County,5,John Marshall
492,April,Mississippi,Simpson County,5.1,
493,August,Texas,Winkler County,6.2,
494,February,Kansas,Cloud County,4.1,William F. Cloud
495,January,Arkansas,Searcy County,7.6,
496,February,Missouri,Sainte Genevieve County,6.4,Genevieve
497,July,Tennessee,Hawkins County,7,Benjamin Hawkins
498,December,Louisiana,Jefferson Parish,4.5,Thomas Jefferson
499,June,Texas,Armstrong County,2.9,John Armstrong
500,May,Illinois,Lake County,4.8,lake
501,June,Mississippi,Lauderdale County,7.4,James Lauderdale
502,December,New York,Hamilton County,8.7,Alexander Hamilton
503,January,Texas,Dawson County,4.5,Andrew Dawson
504,June,Missouri,Linn County,7.3,Lewis F. Linn
505,September,Colorado,Lincoln County,2.7,Abraham Lincoln
506,January,Missouri,Oregon County,6.9,Oregon Territory
507,July,Virginia,Chesterfield County,4.5,
508,November,Minnesota,Todd County,4.1,John Blair Smith Todd
509,June,Connecticut,New London County,5.7,London
510,February,Texas,Jasper County,7.3,William Jasper
511,April,Nebraska,Scotts Bluff County,3.2,Scotts Bluff
512,September,Virginia,Surry County,4.9,Surrey
513,July,Illinois,White County,6.1,Hugh Lawson White
514,March,Virginia,Loudoun County,3.8,"John Campbell, 4th Earl of Loudoun"
515,May,Montana,Petroleum County,3.9,petroleum
516,February,Mississippi,Jefferson Davis County,8.2,Jefferson Davis
517,June,Minnesota,McLeod County,4,
518,May,South Carolina,Cherokee County,7.5,Cherokee
519,November,North Carolina,Buncombe County,4,Edward Buncombe
520,March,Kentucky,Powell County,7.9,Mount Powell
521,April,South Dakota,Deuel County,5.8,
522,February,Arkansas,Baxter County,6.6,Elisha Baxter
523,June,Washington,Wahkiakum County,8.8,Wahkiakum
524,December,South Dakota,Jerauld County,2.6,
525,May,North Carolina,Jackson County,6.3,Andrew Jackson
526,March,Texas,Fort Bend County,3.9,
527,May,Washington,Skamania County,7.3,
528,September,New York,Cortland County,4.9,Pierre Van Cortlandt
529,February,Kentucky,Jefferson County,5.2,Thomas Jefferson
530,October,Wyoming,Park County,3.7,Yellowstone National Park
531,July,Connecticut,New Haven County,6.4,New Haven Colony
532,December,New York,Westchester County,4,Chester
533,October,West Virginia,Raleigh County,6.3,Walter Raleigh
534,August,Illinois,Will County,5.6,Conrad Will
535,March,Texas,Zavala County,10.2,Lorenzo de Zavala
536,January,Kansas,Gove County,2.6,
537,August,Louisiana,West Feliciana Parish,5,"Bernardo de Gálvez y Madrid, Count of Gálvez"
538,June,Ohio,Wood County,4.5,James Wood
539,June,Indiana,Washington County,5,George Washington
540,May,Indiana,Dearborn County,5,Henry Dearborn
541,September,Virginia,Montgomery County,3.9,Richard Montgomery
542,March,Montana,Silver Bow County,4.8,Silver Bow Creek
543,January,Texas,Panola County,4.6,cotton
544,July,Virginia,Russell County,6.5,William Russell
545,November,Texas,Dewitt County,4.3,Green DeWitt
546,August,Montana,Wibaux County,3,Pierre Wibaux
547,November,Texas,Starr County,13.6,James Harper Starr
548,September,South Dakota,Tripp County,2.4,Bartlett Tripp
549,October,South Carolina,Fairfield County,7.8,
550,October,Montana,Sheridan County,2.2,Philip Sheridan
551,January,Ohio,Delaware County,4.3,Delaware River
552,December,Oklahoma,Coal County,6.5,coal
553,May,South Dakota,Haakon County,2.2,Haakon VII of Norway
554,June,South Carolina,Allendale County,11.6,Paul H. Allen
555,September,Illinois,Union County,6.9,Union
556,July,Oklahoma,Lincoln County,4.4,Abraham Lincoln
557,March,Wyoming,Crook County,4.1,Daniel Pope Cook
558,May,Texas,Liberty County,6.6,Liberty
559,September,Montana,Lake County,4.3,lake
560,December,Indiana,Knox County,4.8,Henry Knox
561,June,Oregon,Curry County,8.1,George Law Curry
562,August,Ohio,Franklin County,3.8,Benjamin Franklin
563,April,Tennessee,Morgan County,7.3,Daniel Morgan
564,July,Alabama,Chambers County,6.9,
565,June,New York,Dutchess County,4.7,Mary of Modena
566,June,Ohio,Belmont County,6.5,
567,September,Minnesota,Mahnomen County,4.1,Ojibwe
568,January,Missouri,Washington County,8.3,George Washington
569,February,West Virginia,Doddridge County,6.7,Philip Doddridge
570,July,Oklahoma,Nowata County,5.8,Nowata
571,September,Alabama,Lawrence County,7.4,James Lawrence
572,November,Indiana,Randolph County,4.4,Edmund Randolph
573,August,Iowa,Union County,3.7,Union
574,June,Texas,Milam County,5.6,Benjamin Milam
575,August,Tennessee,Bedford County,6.6,Fort Bedford
576,February,North Carolina,Pasquotank County,8.1,
577,October,Ohio,Lawrence County,5.3,James Lawrence
578,March,Nevada,Lyon County,9.7,Nathaniel Lyon
579,June,Virginia,Washington County,5,George Washington
580,November,Kansas,Lincoln County,3,Abraham Lincoln
581,December,Texas,Kimble County,4.2,George C. Kimble
582,May,Wisconsin,Washburn County,4.9,Cadwallader C. Washburn
583,April,Kentucky,Meade County,5.3,George Meade
584,June,Pennsylvania,Wyoming County,6.1,plain
585,May,Pennsylvania,Sullivan County,6.4,John Sullivan
586,March,Alabama,Crenshaw County,5.8,Anderson Crenshaw
587,February,Alabama,Marengo County,7.9,Battle of Marengo
588,July,Nebraska,Wayne County,3.5,Anthony Wayne
589,June,North Carolina,Person County,7.4,Thomas Person
590,June,Texas,Karnes County,4.7,Henry Karnes
591,February,New Mexico,Los Alamos County,4.2,Los Alamos
592,June,Idaho,Jerome County,3.1,
593,March,South Dakota,Hughes County,3,William C. Hughes
594,October,Utah,Wasatch County,3.3,Indigenous peoples of the United States
595,February,Iowa,Buchanan County,5.5,James Buchanan
596,June,Mississippi,Forrest County,7.1,Nathan Bedford Forrest
597,November,Illinois,La Salle County,7.5,"René-Robert Cavelier, Sieur de La Salle"
598,April,Texas,Collin County,3.4,Collin McKinney
599,January,Illinois,Henry County,7.1,Patrick Henry
600,October,California,Sonoma County,4.2,Sonoma
601,February,Ohio,Montgomery County,5.6,Richard Montgomery
602,September,Arkansas,Lincoln County,5.7,Abraham Lincoln
603,April,Maine,Sagadahoc County,3.7,
604,January,Wisconsin,Buffalo County,6.1,Buffalo River
605,March,California,Mariposa County,9.8,Mariposa Creek
606,October,Texas,Red River County,6.2,Red River of the South
607,April,Ohio,Lorain County,5.4,Lorraine
608,May,Indiana,Hendricks County,3.9,William Hendricks
609,March,North Dakota,Lamoure County,3.6,Judson LaMoure
610,May,Iowa,Ida County,2.9,Mount Ida
611,August,Illinois,Pope County,7.7,
612,May,Virginia,Botetourt County,4.3,"Norborne Berkeley, 4th Baron Botetourt"
613,May,North Carolina,Wayne County,6.4,Anthony Wayne
614,October,Illinois,Dekalb County,5.6,
615,April,Colorado,Adams County,4.4,John Adams
616,January,Alabama,Coosa County,7.8,
617,August,Utah,Tooele County,4.2,
618,August,Texas,Cameron County,7.1,Ewen Cameron
619,January,Texas,Ector County,3.4,Mathew Ector
620,May,South Dakota,Buffalo County,7.5,Buffalo River
621,July,Ohio,Huron County,5.8,Lake Huron
622,May,California,Plumas County,9.4,Feather River
623,December,Oregon,Hood River County,4.9,Hood River
624,December,Mississippi,Newton County,7.1,
625,November,Utah,Wasatch County,3.2,Indigenous peoples of the United States
626,November,Minnesota,Rice County,2.7,Henry Mower Rice
627,June,Washington,Garfield County,5.3,James A. Garfield
628,April,Mississippi,Greene County,6.7,Nathanael Greene
629,June,Nebraska,Dixon County,3.6,Dixon
630,December,Iowa,Taylor County,2.9,
631,August,Iowa,Decatur County,3.1,Stephen Decatur
632,May,Iowa,Palo Alto County,2.9,Battle of Palo Alto
633,August,Tennessee,Morgan County,7.2,Daniel Morgan
634,February,Kansas,Cheyenne County,2.9,Cheyennes
635,January,Missouri,Jefferson County,6,Thomas Jefferson
636,April,Texas,Starr County,13.1,James Harper Starr
637,March,Iowa,Woodbury County,4.2,Levi Woodbury
638,September,South Dakota,Ziebach County,3.9,Frank M. Ziebach
639,August,Oklahoma,Custer County,3.9,George Armstrong Custer
640,December,North Dakota,McLean County,3.8,
641,July,Arkansas,Benton County,4.1,Thomas Hart Benton
642,May,Missouri,Stoddard County,6.5,Amos Stoddard
643,December,Arizona,Mohave County,7.5,Mohave people
644,February,North Dakota,Stutsman County,3.7,Enos Stutsman
645,January,Montana,Powell County,5.9,Mount Powell
646,December,Missouri,Adair County,4.3,William Penn Adair
647,August,Nebraska,Furnas County,2.6,Robert Wilkinson Furnas
648,June,Illinois,White County,5.6,Hugh Lawson White
649,July,California,Sacramento County,6.3,Sacramento
650,August,Virginia,Emporia City,7.6,Emporia
651,March,Mississippi,Yazoo County,7.6,
652,March,Missouri,Randolph County,6.7,Edmund Randolph
653,August,Indiana,Parke County,4.9,Benjamin Parke
654,November,Vermont,Orleans County,5.1,Orléans
655,May,Colorado,Mineral County,4,mineral
656,October,North Carolina,Yadkin County,4.7,Yadkin River
657,December,Missouri,Cooper County,4.2,Sarshell Cooper
658,December,North Dakota,Cavalier County,2.9,
659,April,Nebraska,Boone County,2.2,Daniel Boone
660,October,Texas,Cameron County,6.7,Ewen Cameron
661,January,Kentucky,Laurel County,7,Kalmia latifolia
662,December,Oregon,Harney County,7.4,William S. Harney
663,September,Kentucky,McLean County,4.5,
664,December,Texas,Hockley County,4.1,George Washington Hockley
665,January,Minnesota,Winona County,4,
666,April,Illinois,Jersey County,5.4,New Jersey
667,May,Kansas,Leavenworth County,4.6,Henry Leavenworth
668,December,South Dakota,Haakon County,2.4,Haakon VII of Norway
669,March,Virginia,Cumberland County,6,"Prince William, Duke of Cumberland"
670,August,North Carolina,Hoke County,8.4,Robert Hoke
671,July,Mississippi,Jones County,6.2,George W. Jones
672,December,Alabama,Butler County,7.4,Richard Butler
673,March,New York,Oswego County,8,Oswego River
674,November,Utah,Sevier County,3.8,Sevier River
675,May,North Carolina,Columbus County,7.8,Christopher Columbus
676,March,Mississippi,Covington County,5.6,Leonard Covington
677,November,Texas,Andrews County,3.9,Richard Andrews
678,November,Montana,Sweet Grass County,2.8,Hierochloe odorata
679,February,Missouri,Jackson County,7.1,Andrew Jackson
680,October,Mississippi,Attala County,7.4,
681,December,Kentucky,Clay County,10.7,Henry Clay
682,January,Tennessee,Lauderdale County,10,James Lauderdale
683,June,Idaho,Payette County,4.9,Francois Payette
684,December,Virginia,Norfolk City,5.2,
685,November,California,San Bernardino County,6,San Bernardino
686,October,Arkansas,Polk County,5,James K. Polk
687,February,Iowa,Hancock County,3.2,John Hancock
688,September,West Virginia,Wayne County,6.2,Anthony Wayne
689,September,California,Santa Cruz County,5.5,Santa Cruz River
690,November,West Virginia,McDowell County,10.8,James McDowell
691,August,North Dakota,Barnes County,3.1,
692,February,Texas,Travis County,3.4,William B. Travis
693,November,Texas,Limestone County,5.4,Limestone Creek
694,February,Texas,Dawson County,4.5,Andrew Dawson
695,August,Texas,Castro County,3.5,Henri Castro
696,September,West Virginia,Harrison County,5.7,William Henry Harrison
697,November,North Dakota,Bowman County,1.7,Edward M. Bowman
698,April,South Dakota,Jerauld County,2.2,
699,November,Indiana,Perry County,4.5,Oliver Hazard Perry
700,September,Virginia,Bedford County,4.1,Fort Bedford
701,May,New York,Saint Lawrence County,6.9,Saint Lawrence River
702,August,Ohio,Hamilton County,4.2,Alexander Hamilton
703,November,West Virginia,Braxton County,7.8,Carter Braxton
704,August,Texas,Loving County,5.7,Oliver Loving
705,April,New York,Yates County,5.2,Joseph C. Yates
706,July,Virginia,Montgomery County,4.7,Richard Montgomery
707,January,New York,Rockland County,5.3,
708,February,Alabama,Hale County,8,Stephen F. Hale
709,December,Texas,Stephens County,4.7,John Hall Stephens
710,April,Iowa,Boone County,3,Daniel Boone
711,January,Texas,Falls County,4.7,
712,February,Mississippi,Sharkey County,11.1,William L. Sharkey
713,April,Nevada,White Pine County,5.9,Pinus flexilis
714,July,Indiana,Carroll County,4.4,Charles Carroll
715,June,Indiana,Henry County,5,Patrick Henry
716,March,Iowa,Taylor County,3.3,
717,February,Nebraska,Holt County,2.7,Joseph Holt
718,December,California,Alpine County,5.9,Alps
719,January,Kansas,Douglas County,4.2,Stephen A. Douglas
720,July,Washington,King County,4.6,Martin Luther King Jr.
721,December,Missouri,Cole County,2.9,Stephen Cole
722,July,West Virginia,Calhoun County,10.4,John C. Calhoun
723,February,Iowa,Humboldt County,4.3,Alexander von Humboldt
724,January,North Carolina,Halifax County,9.3,"George Montagu-Dunk, 2nd Earl of Halifax"
725,May,Iowa,Van Buren County,3.6,Martin Van Buren
726,April,Texas,Reeves County,4.2,George R. Reeves
727,February,Nebraska,Hitchcock County,3.6,Phineas Hitchcock
728,February,Texas,Borden County,2.4,Gail Borden
729,October,Kansas,Morton County,3.4,Oliver P. Morton
730,November,Virginia,Dinwiddie County,4.5,Robert Dinwiddie
731,June,Minnesota,Pope County,3.2,
732,September,Illinois,Fulton County,7.1,Hamilton Fulton
733,July,Minnesota,Rock County,2.1,Rock River
734,July,Wisconsin,Green Lake County,4.7,Green Lake
735,October,Ohio,Lucas County,4.7,Robert Lucas
736,April,North Carolina,Richmond County,7.3,"Charles Lennox, 3rd Duke of Richmond"
737,February,Wyoming,Lincoln County,5.9,Abraham Lincoln
738,April,Kansas,Leavenworth County,4.6,Henry Leavenworth
739,August,Ohio,Champaign County,3.9,Champaign County
740,December,North Carolina,Robeson County,7.5,Thomas Robeson
741,July,North Carolina,Washington County,8.8,George Washington
742,March,Texas,Gonzales County,3.3,Gonzales
743,July,Minnesota,Becker County,4,George Loomis Becker
744,March,South Carolina,Chester County,8.5,Chester
745,April,Wisconsin,Columbia County,4.4,Columbia River
746,April,Virginia,Grayson County,5.7,Peter W. Grayson
747,May,Texas,Milam County,5,Benjamin Milam
748,July,Nebraska,Adams County,3.6,John Adams
749,November,Kentucky,Laurel County,6.3,Kalmia latifolia
750,September,Illinois,Jackson County,5.2,Andrew Jackson
751,May,Montana,Custer County,2.9,George Armstrong Custer
752,August,Kansas,Chase County,3.3,Salmon P. Chase
753,September,Utah,Wasatch County,3,Indigenous peoples of the United States
754,March,Washington,Pend Oreille County,10.5,Pend d'Oreilles
755,April,Illinois,Boone County,5.4,Daniel Boone
756,December,Illinois,Piatt County,5.6,James A. Piatt
757,October,Ohio,Erie County,4.7,Lake Erie
758,August,North Carolina,Nash County,7.7,Francis Nash
759,July,Pennsylvania,Monroe County,6.7,James Monroe
760,March,Iowa,Louisa County,4.3,Louise of Great Britain
761,July,Tennessee,Dekalb County,7.7,
762,February,South Dakota,Hyde County,2.9,Edward Hyde
763,December,South Carolina,Lexington County,4.3,Battles of alexington
764,June,West Virginia,Raleigh County,7.7,Walter Raleigh
765,October,Alabama,Lawrence County,7.4,James Lawrence
766,December,Tennessee,McNairy County,7.9,John McNairy
767,June,Mississippi,Neshoba County,6.7,
768,August,California,Santa Clara County,4.1,Mission Santa Clara de Asís
769,August,Ohio,Ashland County,4.4,Ashland
770,June,Minnesota,Swift County,7.9,Henry Adoniram Swift
771,October,Iowa,Calhoun County,3.5,John C. Calhoun
772,September,North Carolina,Robeson County,8,Thomas Robeson
773,August,Kentucky,Knox County,7.7,Henry Knox
774,October,Nebraska,Nemaha County,3,Nemaha River basin
775,December,Colorado,Park County,2.9,Yellowstone National Park
776,November,Oklahoma,Logan County,3.3,Logan
777,May,Virginia,York County,4.5,York
778,August,Nebraska,Buffalo County,2.5,Buffalo River
779,September,Colorado,La Plata County,2.7,
780,July,New York,Rensselaer County,4.9,Kiliaen van Rensselaer
781,November,Maryland,Queen Annes County,4.3,
782,July,Virginia,Alexandria City,3.3,
783,August,Montana,Sheridan County,2.1,Philip Sheridan
784,January,Virginia,Newport News City,6.4,
785,December,Virginia,Washington County,4.2,George Washington
786,March,Illinois,Champaign County,4.8,Champaign County
787,April,North Carolina,Dare County,6.6,Virginia Dare
788,August,Montana,Phillips County,3.5,
789,June,Texas,Clay County,4.9,Henry Clay
790,June,Arizona,Maricopa County,5.4,Maricopa people
791,January,California,Madera County,12.3,
792,September,Minnesota,Murray County,2.7,William H. Murray
793,December,Texas,Harris County,4.6,John Richardson Harris
794,October,Virginia,Smyth County,5.9,Alexander Smyth
795,September,Illinois,Kankakee County,6.3,Kankakee River
796,December,Nebraska,Boone County,2.6,Daniel Boone
797,April,New York,Monroe County,5.2,James Monroe
798,December,Missouri,Wright County,5.3,Silas Wright
799,December,Missouri,Webster County,4.2,Daniel Webster
800,July,Kentucky,Rockcastle County,7,Rockcastle River
801,October,New York,Richmond County,5.1,"Charles Lennox, 3rd Duke of Richmond"
802,January,South Carolina,Pickens County,6.5,Andrew Pickens
803,April,Oklahoma,Okmulgee County,6,Okmulgee
804,March,Virginia,Sussex County,7.5,Sussex
805,July,Indiana,Rush County,4.1,Benjamin Rush
806,April,Virginia,Roanoke County,3.8,Roanoke River
807,March,Minnesota,Freeborn County,4.6,William Freeborn
808,September,North Carolina,Craven County,5.7,"William Craven, 1st Earl of Craven"
809,May,Texas,Fort Bend County,4.1,
810,April,Texas,Lamar County,4.5,Mirabeau B. Lamar
811,June,Nebraska,Grant County,2.4,Ulysses S. Grant
812,July,New Mexico,McKinley County,11.1,William McKinley
813,December,Louisiana,Caldwell Parish,6.3,Caldwell
814,April,Louisiana,Saint Mary Parish,7,
815,August,Indiana,Shelby County,4,Isaac Shelby
816,June,Tennessee,Roane County,7.1,Spencer Roane
817,September,Texas,San Jacinto County,6.1,Battle of San Jacinto
818,October,Kentucky,Daviess County,4.3,Joseph Hamilton Daveiss
819,February,Texas,Callahan County,4.2,James Hughes Callahan
820,June,Mississippi,Greene County,8.4,Nathanael Greene
821,September,Arkansas,Grant County,4.3,Ulysses S. Grant
822,August,South Dakota,Pennington County,2.8,John L. Pennington
823,March,Texas,Kent County,2.2,James Kent
824,January,Arizona,Mohave County,9,Mohave people
825,May,Kentucky,Grayson County,6.7,Peter W. Grayson
826,December,Iowa,Grundy County,3.7,Felix Grundy
827,August,Virginia,Dickenson County,10,William J. Dickenson
828,April,Tennessee,Lake County,7.8,lake
829,December,Texas,Pecos County,5,Pecos River
830,December,South Dakota,Lincoln County,2,Abraham Lincoln
831,February,Kentucky,Elliott County,12.2,John Milton Elliott
832,August,Virginia,Orange County,4.3,orange
833,November,Nebraska,Dundy County,1.9,Elmer Scipio Dundy Sr.
834,June,North Carolina,Chatham County,5.2,
835,January,Missouri,Howell County,6.9,Howell Valley
836,June,Minnesota,Itasca County,6.2,Lake Itasca
837,May,Tennessee,Dickson County,5.7,William Dickson
838,August,Nebraska,Nuckolls County,2.3,Stephen Friel Nuckolls
839,December,Kentucky,Mercer County,5.3,Hugh Mercer
840,October,Texas,Bee County,6.5,"Barnard E. Bee, Sr."
841,April,South Dakota,Walworth County,5.4,Reuben H. Walworth
842,August,Ohio,Paulding County,4.3,John Paulding
843,May,Minnesota,Hennepin County,3.3,Louis Hennepin
844,June,Colorado,Mesa County,6.1,
845,October,Virginia,Spotsylvania County,4.2,Alexander Spotswood
846,April,Nevada,Douglas County,7.4,Stephen A. Douglas
847,September,Colorado,Clear Creek County,3.1,Clear Creek
848,July,Arkansas,Carroll County,4.5,Charles Carroll
849,May,Montana,Valley County,2.6,
850,May,South Dakota,Hutchinson County,2.5,
851,September,Oklahoma,Cherokee County,4.6,Cherokee
852,May,Missouri,Daviess County,5,Joseph Hamilton Daveiss
853,December,Massachusetts,Bristol County,5.7,Bristol
854,February,Connecticut,Windham County,7.5,Wineham
855,July,Kentucky,Estill County,6.4,James Estill
856,January,Alabama,Macon County,8.3,Nathaniel Macon
857,March,Louisiana,Allen Parish,7.1,Henry Watkins Allen
858,December,Iowa,Mahaska County,3.6,Chief Mahaska
859,August,Texas,Lamb County,9.4,
860,April,Kentucky,Cumberland County,5.6,"Prince William, Duke of Cumberland"
861,August,Idaho,Bingham County,4.2,Henry H. Bingham
862,May,Texas,Callahan County,4.1,James Hughes Callahan
863,February,Texas,Hopkins County,4.4,
864,October,New Mexico,Bernalillo County,5.8,
865,October,Texas,Wilson County,3.9,David Wilson
866,November,North Carolina,Cumberland County,7,"Prince William, Duke of Cumberland"
867,September,Tennessee,Wilson County,4.6,David Wilson
868,February,Wisconsin,Langlade County,7.6,Charles Michel de Langlade
869,April,Mississippi,Amite County,6.6,Amite River
870,September,North Carolina,Caswell County,5.9,Richard Caswell
871,August,Iowa,Palo Alto County,2.9,Battle of Palo Alto
872,July,Kentucky,Hardin County,5.3,"Joseph Hardin, Sr."
873,September,Oklahoma,Murray County,4.2,William H. Murray
874,January,Oklahoma,Johnston County,7,Gabriel Johnston
875,September,Illinois,Effingham County,4.4,"Thomas Howard, 3rd Earl of Effingham"
876,June,Washington,Island County,5.8,Whidbey Island
877,February,Oklahoma,Texas County,3.3,Republic of Texas
878,June,Texas,Bastrop County,4.4,Felipe Enrique Neri
879,November,Texas,Yoakum County,3.8,Henderson King Yoakum
880,November,Connecticut,Litchfield County,4.4,Lichfield
881,August,Texas,Dimmit County,5.6,Philip Dimmitt
882,March,Kansas,Republic County,3.2,Republican River
883,March,Missouri,Henry County,6.2,Patrick Henry
884,January,Montana,Gallatin County,3.6,Albert Gallatin
885,July,Mississippi,Adams County,9,John Adams
886,November,South Carolina,Edgefield County,6.2,
887,October,Kansas,Lyon County,3.5,Nathaniel Lyon
888,August,Iowa,Keokuk County,3.9,Keokuk
889,April,California,Tuolumne County,7.2,
890,November,Maryland,Kent County,5.1,James Kent
891,December,Colorado,Washington County,2,George Washington
892,July,California,Kings County,9.7,Kings River
893,July,Tennessee,Lauderdale County,9.1,James Lauderdale
894,July,Virginia,Caroline County,5,Caroline of Ansbach
895,September,Mississippi,Pontotoc County,5.3,
896,May,Arkansas,Polk County,6.4,James K. Polk
897,October,North Carolina,Lee County,6.9,Robert E. Lee
898,November,Alabama,Autauga County,4.9,Alabama people
899,September,Iowa,Worth County,3.1,William J. Worth
900,February,Virginia,Norfolk City,6.1,
901,April,New Jersey,Sussex County,5.4,Sussex
902,September,New Mexico,Grant County,6.3,Ulysses S. Grant
903,November,Kansas,Chautauqua County,5.6,Chautauqua Lake
904,June,North Dakota,Renville County,3.6,Joseph Renville
905,August,Indiana,Clark County,4.2,William A. Clark
906,October,Utah,Piute County,5.7,Paiute people
907,October,Iowa,Linn County,3.2,Lewis F. Linn
908,October,Virginia,Westmoreland County,4.5,Westmorland
909,August,Pennsylvania,Clearfield County,6,field
910,April,Texas,Glasscock County,2.1,George Washington Glasscock
911,January,Idaho,Elmore County,5.7,
912,August,Illinois,Cumberland County,5.3,"Prince William, Duke of Cumberland"
913,November,North Carolina,Cherokee County,6,Cherokee
914,October,Washington,Garfield County,5.5,James A. Garfield
915,June,Virginia,Franklin City,7,
916,July,Illinois,Warren County,5.7,Joseph Warren
917,March,Kentucky,Mason County,6.2,Charles H. Mason
918,August,North Dakota,Ransom County,2,Fort Ransom
919,October,Ohio,Washington County,5.7,George Washington
920,October,Iowa,Pocahontas County,2.4,Pocahontas
921,June,California,Butte County,7.3,Sutter Buttes
922,December,Texas,Cooke County,3.7,
923,October,Wisconsin,Dane County,2.8,Nathan Dane
924,May,South Carolina,Beaufort County,5.6,"Henry Somerset, 1st Duke of Beaufort"
925,December,Missouri,Dunklin County,6.9,Daniel Dunklin
926,October,Nebraska,Banner County,2.6,
927,January,New Mexico,Taos County,10,Taos
928,July,Vermont,Addison County,3.7,Joseph Addison
929,August,Mississippi,Clay County,8.7,Henry Clay
930,December,Montana,McCone County,1.9,
931,December,California,Inyo County,5.8,
932,October,South Dakota,Deuel County,3.2,
933,March,Louisiana,Jefferson Davis Parish,6.3,Jefferson Davis
934,May,North Carolina,Chatham County,5,
935,November,Minnesota,Becker County,3.9,George Loomis Becker
936,June,Indiana,Newton County,5.2,
937,September,Minnesota,Chippewa County,3.3,Ojibwe
938,March,Kentucky,Fayette County,4.1,"Gilbert du Motier, Marquis de Lafayette"
939,October,Ohio,Columbiana County,5.4,Christopher Columbus
940,December,Pennsylvania,Schuylkill County,4.8,Schuylkill River
941,July,Kentucky,Livingston County,7.6,Edward Livingston
942,June,Kentucky,Casey County,6,colonel
943,April,Montana,Big Horn County,6.5,Bighorn sheep
944,August,Maryland,Allegany County,7,Allegheny River
945,December,Indiana,Grant County,5.1,Ulysses S. Grant
946,September,Nebraska,Cass County,2.9,Lewis Cass
947,April,Alabama,Butler County,7.1,Richard Butler
948,November,California,San Luis Obispo County,4.5,San Luis Obispo
949,October,New York,Essex County,4.9,Essex
950,May,Kentucky,Fayette County,4.1,"Gilbert du Motier, Marquis de Lafayette"
951,March,Virginia,Russell County,6.9,William Russell
952,January,Montana,Wheatland County,7,wheat
953,April,Texas,Bastrop County,3.5,Felipe Enrique Neri
954,December,Tennessee,Shelby County,6.1,Isaac Shelby
955,July,New Mexico,Harding County,9.7,
956,April,Utah,Wasatch County,3.5,Indigenous peoples of the United States
957,November,Iowa,Clarke County,3.4,John Clark
958,November,Wisconsin,Waushara County,5.7,
959,February,Mississippi,Winston County,8.3,John A. Winston
960,February,Missouri,Sullivan County,7.7,John Sullivan
961,November,Missouri,Dade County,4.2,Francis L. Dade
962,May,South Carolina,Chesterfield County,6.2,
963,December,Virginia,Appomattox County,4.4,Appomattox River
964,February,Texas,Panola County,4.5,cotton
965,January,Illinois,Boone County,7.9,Daniel Boone
966,September,Maryland,Anne Arundel County,4.4,Anne Arundell
967,May,North Carolina,Jones County,6.1,George W. Jones
968,February,Kentucky,Fulton County,7.2,Hamilton Fulton
969,December,Texas,Scurry County,4.3,William Read Scurry
970,February,Alabama,Greene County,11.5,Nathanael Greene
971,March,Louisiana,Plaquemines Parish,5.9,
972,January,Alabama,Jefferson County,5.9,Thomas Jefferson
973,September,Tennessee,Houston County,8.4,Sam Houston
974,September,North Carolina,Caldwell County,5.8,Joseph Caldwell
975,October,Missouri,Webster County,4.1,Daniel Webster
976,March,Indiana,Jennings County,6.1,Jonathan Jennings
977,July,Texas,Wheeler County,4.5,
978,August,Pennsylvania,Lycoming County,5.7,Lycoming Creek
979,March,Washington,Lincoln County,6.3,Abraham Lincoln
980,February,Louisiana,East Feliciana Parish,6.6,Feliciana Parish
981,October,Iowa,Howard County,2.9,John Eager Howard
982,October,Washington,Pacific County,8.4,Pacific Ocean
983,September,Virginia,Mathews County,4,Thomas Mathews
984,July,North Carolina,Hyde County,6.8,Edward Hyde
985,June,Kentucky,Metcalfe County,5.1,Thomas Metcalfe
986,February,Texas,Karnes County,3.5,Henry Karnes
987,June,Pennsylvania,Chester County,4,Chester
988,August,Mississippi,Perry County,7.6,Oliver Hazard Perry
989,January,Colorado,Huerfano County,10.7,Huerfano Butte
990,September,North Carolina,Transylvania County,5,Transylvania Colony
991,February,Louisiana,Lincoln Parish,7.3,Abraham Lincoln
992,December,Pennsylvania,Erie County,4.5,Lake Erie
993,December,Indiana,Wabash County,4.4,Wabash River
994,September,Ohio,Champaign County,3.9,Champaign County
995,June,Mississippi,Humphreys County,13.8,Parry Wayne Humphreys
996,August,West Virginia,Putnam County,5.5,
997,September,Kansas,Montgomery County,6.2,Richard Montgomery
998,February,Kansas,Rice County,3.6,Henry Mower Rice
999,June,Missouri,Cass County,5.1,Lewis Cass
1000,October,Iowa,Monona County,3.3,
1001,July,Washington,Skamania County,6.9,
1002,January,Illinois,Mercer County,8,Hugh Mercer
1003,January,Ohio,Morrow County,6.4,Jackson L. Morrow
1004,November,Wyoming,Weston County,3,
1005,April,Virginia,Prince Edward County,5.8,"Prince Edward, Duke of York and Albany"
1006,January,Nebraska,Fillmore County,2.8,Millard Fillmore
1007,December,Texas,Williamson County,3.1,Hugh Williamson
1008,December,Arkansas,Monroe County,6,James Monroe
1009,August,Kentucky,Johnson County,8.2,
1010,November,Texas,Travis County,3.1,William B. Travis
1011,September,Illinois,Randolph County,5.3,Edmund Randolph
1012,May,Kansas,Franklin County,4.7,Benjamin Franklin
1013,August,Texas,Hockley County,4.6,George Washington Hockley
1014,April,Mississippi,Hancock County,5.8,John Hancock
1015,April,Minnesota,Mahnomen County,5.3,Ojibwe
1016,September,Oregon,Umatilla County,5.2,Umatilla River
1017,December,Oregon,Sherman County,5.9,William Tecumseh Sherman
1018,September,Ohio,Morrow County,4.4,Jackson L. Morrow
1019,June,Minnesota,Becker County,4.1,George Loomis Becker
1020,December,Utah,Tooele County,3.5,
1021,August,Texas,Lampasas County,4.4,Lampasas River
1022,July,Massachusetts,Bristol County,6.4,Bristol
1023,November,Wyoming,Converse County,3.7,
1024,April,Louisiana,Tensas Parish,9.7,
1025,September,Wisconsin,Lafayette County,3.2,"Gilbert du Motier, Marquis de Lafayette"
1026,September,Vermont,Addison County,3.6,Joseph Addison
1027,March,Texas,Hopkins County,4.3,
1028,April,New York,Chenango County,5.8,
1029,January,Texas,Bell County,5.3,Peter Hansborough Bell
1030,March,Montana,Petroleum County,7.7,petroleum
1031,December,North Carolina,Transylvania County,5.3,Transylvania Colony
1032,May,Indiana,Warren County,5,Joseph Warren
1033,November,Virginia,Smyth County,5.6,Alexander Smyth
1034,March,North Dakota,McIntosh County,4,
1035,May,Washington,Lincoln County,5.5,Abraham Lincoln
1036,February,Oregon,Lake County,10.3,lake
1037,December,Ohio,Monroe County,10.9,James Monroe
1038,June,Illinois,Cook County,6.4,Daniel Pope Cook
1039,November,West Virginia,Lewis County,7.9,Meriwether Lewis
1040,November,Nebraska,Richardson County,2.6,William Alexander Richardson
1041,July,Arkansas,Pike County,7.2,Zebulon Pike
1042,February,Missouri,Macon County,7,Nathaniel Macon
1043,August,Louisiana,Union Parish,6.9,
1044,March,New York,Jefferson County,8.4,Thomas Jefferson
1045,January,New Jersey,Hudson County,6.2,Henry Hudson
1046,February,Virginia,Giles County,5.6,William Branch Giles
1047,January,Colorado,Moffat County,6.1,David Moffat
1048,March,Washington,Franklin County,8.4,Benjamin Franklin
1049,July,Kentucky,Grant County,5.4,Ulysses S. Grant
1050,January,North Dakota,Benson County,7.2,Bertil W. Benson
1051,November,Montana,Wheatland County,5.9,wheat
1052,April,Texas,Upton County,3.4,
1053,November,North Carolina,Wilson County,9,David Wilson
1054,October,Kentucky,Harrison County,4.2,William Henry Harrison
1055,November,New York,Hamilton County,8.7,Alexander Hamilton
1056,September,Pennsylvania,Venango County,5.5,Indigenous peoples of the United States
1057,July,Minnesota,Wright County,3.4,Silas Wright
1058,May,Texas,Medina County,4.3,Medina River
1059,September,Utah,Uintah County,6.7,Ute people
1060,March,Mississippi,Lincoln County,5.6,Abraham Lincoln
1061,March,North Carolina,Carteret County,6.3,George Carteret
1062,December,Kansas,Butler County,3.7,Richard Butler
1063,August,Illinois,Champaign County,5.4,Champaign County
1064,February,Texas,Franklin County,4.7,Benjamin Franklin
1065,October,Utah,Sevier County,3.8,Sevier River
1066,November,Minnesota,Pipestone County,2.4,catlinite
1067,March,Oklahoma,Haskell County,7.5,Charles N. Haskell
1068,January,Nebraska,Morrill County,3.5,Charles Henry Morrill
1069,September,Indiana,Gibson County,3.3,John Gibson
1070,May,Texas,Moore County,3.1,Alfred Moore
1071,August,Virginia,Martinsville City,9.2,Joseph Martin
1072,May,Indiana,Bartholomew County,3.6,Joseph Bartholomew
1073,December,North Carolina,Pasquotank County,7.1,
1074,July,Pennsylvania,Washington County,5.8,George Washington
1075,February,Mississippi,Walthall County,8.3,Edward C. Walthall
1076,November,North Dakota,Eddy County,3.2,
1077,November,Missouri,Lafayette County,3.5,"Gilbert du Motier, Marquis de Lafayette"
1078,March,Wisconsin,Trempealeau County,4.9,Trempealeau Mountain
1079,August,South Carolina,Clarendon County,7.7,
1080,July,Connecticut,Hartford County,6.1,Hertfordshire
1081,June,Colorado,Teller County,4.6,Henry M. Teller
1082,June,Kansas,Labette County,6.5,
1083,May,Indiana,Benton County,4.6,Thomas Hart Benton
1084,January,Pennsylvania,Warren County,5.8,Joseph Warren
1085,December,Virginia,Brunswick County,6.1,Duchy of Brunswick-Lüneburg
1086,October,Iowa,Jasper County,3.2,William Jasper
1087,January,Idaho,Lemhi County,10.2,Fort Lemhi
1088,July,Arkansas,Howard County,4.9,John Eager Howard
1089,October,Virginia,Alexandria City,3,
1090,August,Alabama,Etowah County,6.5,
1091,September,Wisconsin,Florence County,5.7,
1092,July,Virginia,Bristol City,5.7,
1093,February,Ohio,Noble County,7.7,Noah Noble
1094,October,Arkansas,Ouachita County,5.5,
1095,February,Minnesota,Mahnomen County,6.5,Ojibwe
1096,May,Washington,Grays Harbor County,9.2,Grays Harbor
1097,March,Nebraska,Hooker County,5.7,Joseph Hooker
1098,February,Indiana,Putnam County,6.1,
1099,July,Nebraska,Banner County,3.3,
1100,June,Idaho,Custer County,5.1,George Armstrong Custer
1101,March,Colorado,Ouray County,5.5,Chief Ouray
1102,September,Montana,Fallon County,2.2,
1103,June,New York,Nassau County,4.4,William III
1104,October,Illinois,Jo Daviess County,5.2,Joseph Hamilton Daveiss
1105,July,Colorado,Delta County,5.5,Delta
1106,February,Pennsylvania,Philadelphia County,7.3,Philadelphia
1107,March,New York,Lewis County,9.3,Meriwether Lewis
1108,August,Kansas,Decatur County,3.6,Stephen Decatur
1109,May,Indiana,Decatur County,4,Stephen Decatur
1110,September,Oklahoma,Pushmataha County,6.7,Pushmataha
1111,September,Idaho,Cassia County,3,Cassia Creek
1112,March,New York,Bronx County,8.3,Jonas Bronck
1113,December,New Mexico,Chaves County,6,José Francisco Chaves
1114,December,Minnesota,Washington County,2.9,George Washington
1115,August,Texas,Morris County,9.6,Lewis Morris
1116,June,Iowa,Sac County,3.3,Sauk people
1117,December,Vermont,Orleans County,5.5,Orléans
1118,April,Indiana,Randolph County,4.7,Edmund Randolph
1119,September,Oklahoma,Dewey County,3.2,
1120,June,Alabama,Lauderdale County,7.7,James Lauderdale
1121,November,Kansas,Scott County,2.5,Winfield Scott
1122,December,Iowa,Montgomery County,3.4,Richard Montgomery
1123,March,New Mexico,Eddy County,4.8,
1124,November,Indiana,Greene County,6.2,Nathanael Greene
1125,November,West Virginia,Calhoun County,12.2,John C. Calhoun
1126,January,Iowa,Hardin County,5.3,"Joseph Hardin, Sr."
1127,May,Idaho,Bear Lake County,3.8,Bear Lake
1128,May,Pennsylvania,Beaver County,6.3,North American Beaver
1129,February,Virginia,Chesapeake City,5,
1130,February,Pennsylvania,Clinton County,7.5,George Clinton
1131,July,North Dakota,Pierce County,3.2,Franklin Pierce
1132,October,Idaho,Bear Lake County,3.6,Bear Lake
1133,September,Arkansas,Montgomery County,6.4,Richard Montgomery
1134,October,Texas,Falls County,4.1,
1135,December,Texas,Franklin County,4.9,Benjamin Franklin
1136,June,Virginia,Henry County,6.7,Patrick Henry
1137,June,Tennessee,Dickson County,6,William Dickson
1138,December,North Carolina,Chowan County,6.7,Chowanoke
1139,September,Colorado,Garfield County,3.3,James A. Garfield
1140,February,Texas,Camp County,5.4,John Lafayette Camp
1141,December,Minnesota,Stearns County,3.5,Charles Thomas Stearns
1142,March,Mississippi,Sunflower County,10.9,
1143,May,Montana,Carter County,2.7,Thomas H. Carter
1144,August,North Carolina,Forsyth County,5.8,Benjamin Forsyth
1145,October,Kansas,Coffey County,5.3,
1146,November,South Dakota,Walworth County,4.7,Reuben H. Walworth
1147,January,Kansas,Comanche County,2.7,
1148,June,North Carolina,Lincoln County,5.9,Abraham Lincoln
1149,November,Virginia,Virginia Beach City,3.9,
1150,December,Missouri,Monroe County,4.4,James Monroe
1151,January,Virginia,Manassas Park City,4.8,
1152,February,Virginia,Culpeper County,5.1,"Thomas Colepeper, 2nd Baron Colepeper"
1153,July,South Dakota,Dewey County,16.4,
1154,January,Kentucky,Bracken County,8.3,William Bracken
1155,November,Maryland,Anne Arundel County,4.2,Anne Arundell
1156,September,North Carolina,Yancey County,5.2,Bartlett Yancey
1157,July,Tennessee,Jackson County,8.5,Andrew Jackson
1158,August,Missouri,Clinton County,4.9,George Clinton
1159,December,South Carolina,Greenwood County,5.3,Alfred B. Greenwood
1160,December,Kansas,Thomas County,2.5,
1161,March,North Carolina,Catawba County,5.4,Catawba people
1162,February,New York,Suffolk County,5.7,Suffolk
1163,October,Arkansas,Faulkner County,4.1,
1164,October,Ohio,Preble County,4.3,Edward Preble
1165,September,Mississippi,Jefferson Davis County,8,Jefferson Davis
1166,January,Texas,Real County,5.9,
1167,August,Pennsylvania,Warren County,4.8,Joseph Warren
1168,January,Arizona,Yuma County,19.3,Quechan people
1169,October,Oklahoma,Ellis County,3.9,Richard Ellis
1170,November,Texas,Brazos County,3.2,Brazos River
1171,June,Illinois,Union County,7.6,Union
1172,August,Illinois,Clay County,6.9,Henry Clay
1173,May,Nevada,Lincoln County,5.8,Abraham Lincoln
1174,July,Oklahoma,Okmulgee County,6.4,Okmulgee
1175,December,Kansas,Sedgwick County,4.1,John Sedgwick
1176,October,Nebraska,Thayer County,2.4,John Milton Thayer
1177,November,Montana,Fergus County,3.8,James Fergus
1178,June,North Dakota,Dunn County,2.4,Charles Dunn
1179,February,Texas,Austin County,4.1,Stephen F. Austin
1180,May,New York,Cortland County,5.5,Pierre Van Cortlandt
1181,January,South Carolina,McCormick County,8.9,Cyrus McCormick
1182,September,Virginia,Lynchburg City,5,
1183,May,Indiana,Switzerland County,4.9,Switzerland
1184,June,Texas,El Paso County,5.6,Ute Pass
1185,March,North Carolina,Randolph County,5.6,Edmund Randolph
1186,May,Ohio,Ashland County,4.8,Ashland
1187,August,Michigan,Gladwin County,6,Henry Gladwin
1188,July,Missouri,Polk County,6.2,James K. Polk
1189,February,Ohio,Greene County,4.8,Nathanael Greene
1190,July,Louisiana,Caldwell Parish,8.4,Caldwell
1191,August,Ohio,Madison County,3.5,James Madison
1192,July,Indiana,Dubois County,3.4,Toussaint Dubois
1193,May,Texas,Van Zandt County,4.5,Isaac Van Zandt
1194,September,Montana,Sanders County,6.7,Wilbur F. Sanders
1195,October,Pennsylvania,Somerset County,5.4,Somerset
1196,September,Indiana,Knox County,4.1,Henry Knox
1197,August,Pennsylvania,Mifflin County,5.5,Thomas Mifflin
1198,March,Nebraska,Sherman County,3,William Tecumseh Sherman
1199,January,Colorado,Baca County,2.5,